time,real_angle,fit_angle,error
0,0.352247,0.632815,-0.280568
0.016667,0.38153,0.655278,-0.273748
0.033333,0.410173,0.67774,-0.267567
0.05,0.438588,0.700203,-0.261615
0.066667,0.468249,0.722666,-0.254417
0.083333,0.497134,0.745128,-0.247994
0.1,0.527529,0.767591,-0.240062
0.116667,0.556305,0.790054,-0.233749
0.133333,0.586879,0.812515,-0.225636
0.15,0.617764,0.834978,-0.217214
0.166667,0.644603,0.857441,-0.212838
0.183333,0.675838,0.879903,-0.204065
0.2,0.706893,0.902366,-0.195473
0.216667,0.73713,0.924829,-0.187699
0.233333,0.768204,0.947291,-0.179087
0.25,0.798027,0.969753,-0.171726
0.266667,0.828196,0.992216,-0.16402
0.283333,0.859297,1.01468,-0.155381
0.3,0.891621,1.03714,-0.14552
0.316667,0.920925,1.0596,-0.138679
0.333333,0.953754,1.08207,-0.128312
0.35,0.984004,1.10453,-0.120525
0.366667,1.01529,1.12699,-0.111703
0.383333,1.04697,1.14945,-0.102486
0.4,1.0783,1.17192,-0.0936143
0.416667,1.1101,1.19438,-0.0842783
0.433333,1.14057,1.21684,-0.076275
0.45,1.17409,1.2393,-0.0652119
0.466667,1.20548,1.26177,-0.0562899
0.483333,1.23725,1.28423,-0.0469786
0.5,1.26742,1.30669,-0.0392736
0.516667,1.2987,1.32915,-0.0304545
0.533333,1.33187,1.35162,-0.0197412
0.55,1.36143,1.37408,-0.0126492
0.566667,1.39361,1.39654,-0.00293416
0.583333,1.42599,1.419,0.0069832
0.6,1.45666,1.44147,0.0151892
0.616667,1.48786,1.46393,0.0239312
0.633333,1.52019,1.48639,0.0338016
0.65,1.55167,1.50885,0.0428126
0.666667,1.5836,1.53132,0.0522816
0.683333,1.61534,1.55378,0.061563
0.7,1.64456,1.57624,0.068315
0.716667,1.67636,1.5987,0.077652
0.733333,1.70823,1.62117,0.0870644
0.75,1.73905,1.64363,0.0954184
0.766667,1.77062,1.66609,0.104528
0.783333,1.80019,1.68855,0.111633
0.8,1.83159,1.71102,0.120577
0.816667,1.86201,1.73348,0.128531
0.833333,1.89247,1.75594,0.136525
0.85,1.92276,1.7784,0.144355
0.866667,1.95216,1.80087,0.151292
0.883333,1.98196,1.82333,0.158634
0.9,2.01212,1.84579,0.166324
0.916667,2.04142,1.86826,0.173167
0.933333,2.07347,1.89072,0.182751
0.95,2.1027,1.91318,0.189519
0.966667,2.13099,1.93564,0.195348
0.983333,2.16141,1.9581,0.203309
1,2.19017,1.98057,0.209602
1.01667,2.2196,2.00303,0.21657
1.03333,2.24707,2.02549,0.22158
1.05,2.27625,2.04796,0.228293
1.06667,2.30489,2.07042,0.234468
1.08333,2.33171,2.09288,0.238828
1.1,2.36173,2.11534,0.246389
1.11667,2.38736,2.13781,0.249557
1.13333,2.4141,2.16027,0.253831
1.15,2.44175,2.18273,0.259014
1.16667,2.47095,2.20519,0.26576
1.18333,2.49572,2.22766,0.268065
1.2,2.52226,2.25012,0.272143
1.21667,2.54948,2.27258,0.276899
1.23333,2.57598,2.29504,0.280939
1.25,2.60018,2.31751,0.282678
1.26667,2.62662,2.33997,0.286648
1.28333,2.65221,2.36243,0.289776
1.3,2.67703,2.38489,0.292135
1.31667,2.70271,2.40736,0.295352
1.33333,2.72781,2.42982,0.297987
1.35,2.75196,2.45228,0.29968
1.36667,2.77645,2.47474,0.301702
1.38333,2.80038,2.49721,0.303175
1.4,2.82454,2.51967,0.304867
1.41667,2.84851,2.54213,0.306381
1.43333,2.87017,2.56459,0.305575
1.45,2.89326,2.58706,0.306208
1.46667,2.91685,2.60952,0.307329
1.48333,2.93993,2.63198,0.307952
1.5,2.96044,2.65444,0.306001
1.51667,2.9829,2.67691,0.305993
1.53333,3.00461,2.69937,0.305242
1.55,3.0272,2.72183,0.305373
1.56667,3.04694,2.74429,0.302648
1.58333,3.06832,2.76676,0.301566
1.6,3.0908,2.78922,0.301579
1.61667,3.11067,2.81168,0.298989
1.63333,3.13176,2.83414,0.297619
1.65,3.14982,2.85661,0.293215
1.66667,3.16974,2.87907,0.290665
1.68333,3.19075,2.90153,0.289216
1.7,3.20836,2.92399,0.284366
1.71667,3.2287,2.94646,0.282239
1.73333,3.24659,2.96892,0.277668
1.75,3.26492,2.99138,0.273538
1.76667,3.28316,3.01384,0.26932
1.78333,3.30165,3.03631,0.265347
1.8,3.31988,3.05877,0.261112
1.81667,3.33719,3.08123,0.255956
1.83333,3.3556,3.10369,0.251907
1.85,3.37112,3.12616,0.244963
1.86667,3.39018,3.14862,0.24156
1.88333,3.40703,3.17108,0.235951
1.9,3.42242,3.19354,0.228874
1.91667,3.43968,3.21601,0.223668
1.93333,3.45674,3.23847,0.218275
1.95,3.47399,3.26093,0.213057
1.96667,3.48779,3.2834,0.204392
1.98333,3.50505,3.30586,0.199193
2,3.51865,3.32832,0.190332
2.01667,3.53652,3.35078,0.185739
2.03333,3.55142,3.37324,0.178177
2.05,3.56608,3.39571,0.170371
2.06667,3.58138,3.41817,0.163207
2.08333,3.59668,3.44063,0.156049
2.1,3.60982,3.4631,0.146725
2.11667,3.62446,3.48556,0.1389
2.13333,3.63985,3.50802,0.131826
2.15,3.65393,3.53048,0.123443
2.16667,3.66884,3.55295,0.11589
2.18333,3.68159,3.57541,0.106184
2.2,3.69523,3.59787,0.0973576
2.21667,3.71051,3.62033,0.0901756
2.23333,3.7245,3.6428,0.081704
2.25,3.7381,3.66526,0.072842
2.26667,3.75261,3.68772,0.06489
2.28333,3.76561,3.71018,0.0554324
2.3,3.77848,3.73265,0.0458344
2.31667,3.79131,3.75511,0.0362044
2.33333,3.80646,3.77757,0.0288918
2.35,3.81913,3.80003,0.0190958
2.36667,3.83174,3.8225,0.00924679
2.38333,3.84455,3.84496,-0.000411849
2.4,3.85964,3.86742,-0.00778384
2.41667,3.87247,3.88988,-0.0174118
2.43333,3.88629,3.91235,-0.0260565
2.45,3.89914,3.93481,-0.0356724
2.46667,3.91199,3.95727,-0.0452844
2.48333,3.92485,3.97973,-0.0548821
2.5,3.93775,4.0022,-0.0644491
2.51667,3.95058,4.02466,-0.074083
2.53333,3.96757,4.04712,-0.0795527
2.55,3.9804,4.06958,-0.0891867
2.56667,3.99247,4.09205,-0.0995737
2.58333,4.00531,4.11451,-0.109198
2.6,4.0204,4.13697,-0.116574
2.61667,4.03457,4.15943,-0.124865
2.63333,4.04735,4.1819,-0.134549
2.65,4.06122,4.20436,-0.143138
2.66667,4.07527,4.22682,-0.151549
2.68333,4.09087,4.24928,-0.158416
2.7,4.10349,4.27175,-0.168261
2.71667,4.1178,4.29421,-0.176411
2.73333,4.13331,4.31667,-0.18336
2.75,4.14761,4.33913,-0.191526
2.76667,4.1608,4.3616,-0.200793
2.78333,4.17706,4.38406,-0.206996
2.8,4.1924,4.40652,-0.214126
2.81667,4.20761,4.42898,-0.221372
2.83333,4.22075,4.45145,-0.2307
2.85,4.23576,4.47391,-0.23815
2.86667,4.25123,4.49637,-0.245138
2.88333,4.26917,4.51883,-0.249666
2.9,4.28423,4.5413,-0.257071
2.91667,4.2994,4.56376,-0.264362
2.93333,4.31647,4.58622,-0.269755
2.95,4.33379,4.60868,-0.274899
2.96667,4.35,4.63115,-0.281145
2.98333,4.36533,4.65361,-0.288277
3,4.38399,4.67607,-0.292078
3.01667,4.4015,4.69854,-0.297033
3.03333,4.41833,4.721,-0.302663
3.05,4.43459,4.74346,-0.308872
3.06667,4.45372,4.76592,-0.312199
3.08333,4.47226,4.78838,-0.316121
3.1,4.49125,4.81085,-0.319592
3.11667,4.50707,4.83331,-0.326241
3.13333,4.52851,4.85577,-0.327267
3.15,4.54733,4.87824,-0.330908
3.16667,4.56507,4.9007,-0.335631
3.18333,4.58544,4.92316,-0.337722
3.2,4.60472,4.94562,-0.340903
3.21667,4.62476,4.96809,-0.343327
3.23333,4.64502,4.99055,-0.345524
3.25,4.66595,5.01301,-0.34706
3.26667,4.68643,5.03547,-0.349042
3.28333,4.70707,5.05793,-0.350861
3.3,4.72701,5.0804,-0.353389
3.31667,4.75031,5.10286,-0.352553
3.33333,4.77083,5.12532,-0.354488
3.35,4.79385,5.14779,-0.353931
3.36667,4.81402,5.17025,-0.356226
3.38333,4.83666,5.19271,-0.356052
3.4,4.85983,5.21517,-0.355346
3.41667,4.88282,5.23764,-0.354816
3.43333,4.90629,5.2601,-0.353811
3.45,4.92932,5.28256,-0.353237
3.46667,4.95234,5.30502,-0.352682
3.48333,4.97595,5.32749,-0.351533
3.5,5.00014,5.34995,-0.349804
3.51667,5.02637,5.37241,-0.346036
3.53333,5.05081,5.39487,-0.344063
3.55,5.07499,5.41734,-0.342348
3.56667,5.09941,5.4398,-0.340393
3.58333,5.12669,5.46226,-0.335568
3.6,5.15059,5.48472,-0.334134
3.61667,5.17649,5.50719,-0.3307
3.63333,5.20307,5.52965,-0.326581
3.65,5.23057,5.55211,-0.321536
3.66667,5.25716,5.57457,-0.317409
3.68333,5.28365,5.59704,-0.313384
3.7,5.30947,5.6195,-0.310026
3.71667,5.33735,5.64196,-0.304615
3.73333,5.36487,5.66442,-0.29955
3.75,5.39311,5.68689,-0.293772
3.76667,5.42026,5.70935,-0.289084
3.78333,5.44904,5.73181,-0.282775
3.8,5.47714,5.75427,-0.277135
3.81667,5.50546,5.77674,-0.271277
3.83333,5.53519,5.7992,-0.264014
3.85,5.56216,5.82166,-0.259501
3.86667,5.59242,5.84412,-0.251705
3.88333,5.62163,5.86659,-0.244953
3.9,5.64931,5.88905,-0.239739
3.91667,5.68103,5.91151,-0.23048
3.93333,5.71073,5.93397,-0.223245
3.95,5.74095,5.95644,-0.215488
3.96667,5.76965,5.9789,-0.209248
3.98333,5.80015,6.00136,-0.201215
4,5.83095,6.02382,-0.192875
4.01667,5.86125,6.04629,-0.185037
4.03333,5.89091,6.06875,-0.17784
4.05,5.92329,6.09121,-0.167923
4.06667,5.9529,6.11368,-0.160772
4.08333,5.98372,6.13614,-0.152415
4.1,6.01534,6.1586,-0.143263
4.11667,6.04456,6.18106,-0.136507
4.13333,6.07747,6.20352,-0.126057
4.15,6.10818,6.22599,-0.117803
4.16667,6.14048,6.24845,-0.10797
4.18333,6.17265,6.27091,-0.0982599
4.2,6.20166,6.29337,-0.0917189
4.21667,6.23361,6.31584,-0.0822309
4.23333,6.26583,6.3383,-0.0724655
4.25,6.29738,6.36076,-0.0633855
4.26667,6.32953,6.38323,-0.0536905
4.28333,6.36183,6.40569,-0.0438541
4.3,6.39327,6.42815,-0.0348851
4.31667,6.42441,6.45061,-0.0262051
4.33333,6.45629,6.47307,-0.0167837
4.35,6.48865,6.49554,-0.00688273
4.36667,6.51812,6.518,0.000116288
4.38333,6.55109,6.54046,0.0106256
4.4,6.58275,6.56293,0.0198267
4.41667,6.61582,6.58539,0.0304327
4.43333,6.64731,6.60785,0.039455
4.45,6.67669,6.63031,0.046377
4.46667,6.70901,6.65278,0.0562391
4.48333,6.7414,6.67524,0.0661614
4.5,6.77168,6.6977,0.0739824
4.51667,6.80335,6.72016,0.0831825
4.53333,6.83491,6.74263,0.0922848
4.55,6.86563,6.76509,0.100541
4.56667,6.89726,6.78755,0.109713
4.58333,6.9276,6.81001,0.117589
4.6,6.95899,6.83248,0.126517
4.61667,6.98985,6.85494,0.134912
4.63333,7.02021,6.8774,0.142813
4.65,7.05126,6.89986,0.151398
4.66667,7.0815,6.92233,0.15917
4.68333,7.11182,6.94479,0.167033
4.7,7.14238,6.96725,0.175131
4.71667,7.17154,6.98971,0.181829
4.73333,7.20057,7.01218,0.188396
4.75,7.23205,7.03464,0.19741
4.76667,7.26106,7.0571,0.203959
4.78333,7.28978,7.07956,0.210221
4.8,7.31857,7.10203,0.216546
4.81667,7.34805,7.12449,0.223564
4.83333,7.37706,7.14695,0.230111
4.85,7.40645,7.16941,0.237032
4.86667,7.43389,7.19188,0.242018
4.88333,7.46208,7.21434,0.247738
4.9,7.49075,7.2368,0.253944
4.91667,7.51699,7.25926,0.257725
4.93333,7.54572,7.28173,0.263997
4.95,7.57261,7.30419,0.268417
4.96667,7.60083,7.32665,0.274176
4.98333,7.62612,7.34911,0.277009
5,7.65432,7.37158,0.282743
5.01667,7.67944,7.39404,0.285403
5.03333,7.70765,7.4165,0.291146
5.05,7.7319,7.43896,0.292936
5.06667,7.75953,7.46143,0.298101
5.08333,7.78489,7.48389,0.300998
5.1,7.80968,7.50635,0.303326
5.11667,7.83498,7.52881,0.306163
5.13333,7.85923,7.55128,0.307948
5.15,7.88497,7.57374,0.311233
5.16667,7.90958,7.5962,0.313372
5.18333,7.93281,7.61866,0.314145
5.2,7.95776,7.64113,0.316629
5.21667,7.98032,7.66359,0.31673
5.23333,8.00337,7.68605,0.317317
5.25,8.02612,7.70851,0.317602
5.26667,8.04933,7.73098,0.318356
5.28333,8.0722,7.75344,0.31876
5.3,8.09569,7.7759,0.319787
5.31667,8.11621,7.79837,0.31784
5.33333,8.13939,7.82083,0.318566
5.35,8.16169,7.84329,0.318401
5.36667,8.18234,7.86575,0.316585
5.38333,8.20241,7.88821,0.314196
5.4,8.22382,7.91068,0.313137
5.41667,8.24337,7.93314,0.310233
5.43333,8.26544,7.9556,0.309833
5.45,8.28548,7.97807,0.307418
5.46667,8.30444,8.00053,0.303912
5.48333,8.32458,8.02299,0.301588
5.5,8.34298,8.04545,0.297527
5.51667,8.36356,8.06792,0.29564
5.53333,8.38143,8.09038,0.291055
5.55,8.40043,8.11284,0.287591
5.56667,8.41965,8.1353,0.284345
5.58333,8.43794,8.15777,0.280171
5.6,8.45567,8.18023,0.27544
5.61667,8.47351,8.20269,0.270819
5.63333,8.49148,8.22515,0.26633
5.65,8.5074,8.24762,0.259786
5.66667,8.52496,8.27008,0.254886
5.68333,8.54311,8.29254,0.250567
5.7,8.55954,8.315,0.244538
5.71667,8.57554,8.33747,0.238073
5.73333,8.59297,8.35993,0.233043
5.75,8.60841,8.38239,0.226015
5.76667,8.62539,8.40485,0.220532
5.78333,8.64065,8.42732,0.213337
5.8,8.65724,8.44978,0.207467
5.81667,8.67254,8.47224,0.200301
5.83333,8.68753,8.4947,0.192823
5.85,8.70333,8.51717,0.18616
5.86667,8.71769,8.53963,0.178058
5.88333,8.73197,8.56209,0.169881
5.9,8.7472,8.58455,0.16265
5.91667,8.76132,8.60702,0.154304
5.93333,8.77598,8.62948,0.146503
5.95,8.79025,8.65194,0.138306
5.96667,8.80503,8.6744,0.130621
5.98333,8.81877,8.69687,0.1219
6,8.83285,8.71933,0.113518
6.01667,8.84573,8.74179,0.10394
6.03333,8.85926,8.76425,0.0950024
6.05,8.8755,8.78672,0.0887794
6.06667,8.88836,8.80918,0.0791785
6.08333,8.90228,8.83164,0.0706398
6.1,8.91503,8.8541,0.0609248
6.11667,8.92806,8.87657,0.0514908
6.13333,8.94279,8.89903,0.0437592
6.15,8.95574,8.92149,0.0342522
6.16667,8.96846,8.94395,0.0245002
6.18333,8.98358,8.96642,0.0171596
6.2,8.99625,8.98888,0.00737261
6.21667,9.00794,9.01134,-0.00340238
6.23333,9.02362,9.0338,-0.010181
6.25,9.03515,9.05627,-0.021115
6.26667,9.0479,9.07873,-0.030829
6.28333,9.06233,9.10119,-0.0388626
6.3,9.0743,9.12365,-0.0493506
6.31667,9.08799,9.14612,-0.0581286
6.33333,9.10331,9.16858,-0.0652652
6.35,9.11472,9.19104,-0.0763222
6.36667,9.12986,9.21351,-0.0836422
6.38333,9.14327,9.23597,-0.0926989
6.4,9.15536,9.25843,-0.10307
6.41667,9.16881,9.28089,-0.112081
6.43333,9.18342,9.30335,-0.119929
6.45,9.19706,9.32582,-0.128759
6.46667,9.21097,9.34828,-0.137314
6.48333,9.22444,9.37074,-0.1463
6.5,9.23871,9.39321,-0.154497
6.51667,9.25249,9.41567,-0.163182
6.53333,9.2692,9.43813,-0.168928
6.55,9.28274,9.46059,-0.177855
6.56667,9.29695,9.48306,-0.186105
6.58333,9.31221,9.50552,-0.193308
6.6,9.32578,9.52798,-0.202202
6.61667,9.34254,9.55044,-0.207905
6.63333,9.35575,9.5729,-0.217152
6.65,9.37132,9.59537,-0.224044
6.66667,9.3874,9.61783,-0.230431
6.68333,9.40272,9.64029,-0.237574
6.7,9.41939,9.66276,-0.243368
6.71667,9.43474,9.68522,-0.250483
6.73333,9.45123,9.70768,-0.256448
6.75,9.46632,9.73014,-0.263826
6.76667,9.48287,9.75261,-0.269735
6.78333,9.49846,9.77507,-0.276611
6.8,9.51657,9.79753,-0.280961
6.81667,9.53298,9.81999,-0.287016
6.83333,9.55105,9.84246,-0.291402
6.85,9.56676,9.86492,-0.298154
6.86667,9.58481,9.88738,-0.302572
6.88333,9.60398,9.90984,-0.305868
6.9,9.62194,9.93231,-0.310371
6.91667,9.6403,9.95477,-0.314469
6.93333,9.65935,9.97723,-0.317876
6.95,9.67795,9.99969,-0.321742
6.96667,9.6968,10.0222,-0.325355
6.98333,9.71541,10.0446,-0.329209
7,9.73466,10.0671,-0.332426
7.01667,9.75427,10.0895,-0.335276
7.03333,9.77609,10.112,-0.33592
7.05,9.79613,10.1345,-0.338339
7.06667,9.81498,10.1569,-0.341956
7.08333,9.83738,10.1794,-0.342013
7.1,9.85747,10.2019,-0.344387
7.11667,9.88018,10.2243,-0.344136
7.13333,9.90047,10.2468,-0.346309
7.15,9.92082,10.2692,-0.348426
7.16667,9.9434,10.2917,-0.348309
7.18333,9.96466,10.3142,-0.349514
7.2,9.98846,10.3366,-0.348175
7.21667,10.0113,10.3591,-0.347823
7.23333,10.0357,10.3816,-0.345865
7.25,10.0576,10.404,-0.346467
7.26667,10.0812,10.4265,-0.34532
7.28333,10.1035,10.4489,-0.34545
7.3,10.1276,10.4714,-0.343791
7.31667,10.1524,10.4939,-0.341507
7.33333,10.1755,10.5163,-0.340799
7.35,10.2013,10.5388,-0.337509
7.36667,10.227,10.5613,-0.334247
7.38333,10.2519,10.5837,-0.33184
7.4,10.2775,10.6062,-0.328635
7.41667,10.3037,10.6286,-0.324951
7.43333,10.3302,10.6511,-0.320956
7.45,10.3553,10.6736,-0.318232
7.46667,10.3813,10.696,-0.314758
7.48333,10.4088,10.7185,-0.309729
7.5,10.4352,10.741,-0.305797
7.51667,10.4614,10.7634,-0.301994
7.53333,10.4909,10.7859,-0.295002
7.55,10.5173,10.8083,-0.291001
7.56667,10.5449,10.8308,-0.285879
7.58333,10.5724,10.8533,-0.280907
7.6,10.6022,10.8757,-0.273493
7.61667,10.6287,10.8982,-0.269472
7.63333,10.6576,10.9207,-0.263066
7.65,10.6864,10.9431,-0.25673
7.66667,10.7152,10.9656,-0.250401
7.68333,10.7461,10.988,-0.241981
7.7,10.7744,11.0105,-0.236106
7.71667,10.8042,11.033,-0.228782
7.73333,10.8344,11.0554,-0.221018
7.75,10.8641,11.0779,-0.213825
7.76667,10.8942,11.1004,-0.206128
7.78333,10.9235,11.1228,-0.199317
7.8,10.9532,11.1453,-0.192081
7.81667,10.983,11.1677,-0.184758
7.83333,11.0144,11.1902,-0.175846
7.85,11.0451,11.2127,-0.167596
7.86667,11.0771,11.2351,-0.158002
7.88333,11.1062,11.2576,-0.151374
7.9,11.1383,11.2801,-0.141784
7.91667,11.1688,11.3025,-0.133704
7.93333,11.1986,11.325,-0.126364
7.95,11.2313,11.3474,-0.116153
7.96667,11.262,11.3699,-0.107875
7.98333,11.2927,11.3924,-0.0996975
8,11.3256,11.4148,-0.0892654
8.01667,11.3584,11.4373,-0.0789114
8.03333,11.3873,11.4598,-0.0724161
8.05,11.4194,11.4822,-0.0627981
8.06667,11.4524,11.5047,-0.052318
8.08333,11.4829,11.5271,-0.0442687
8.1,11.5147,11.5496,-0.0349217
8.11667,11.5463,11.5721,-0.0257587
8.13333,11.5786,11.5945,-0.0159643
8.15,11.6095,11.617,-0.00745928
8.16667,11.6421,11.6395,0.00268973
8.18333,11.6749,11.6619,0.0129311
8.2,11.7049,11.6844,0.0204971
8.21667,11.7371,11.7068,0.0302881
8.23333,11.7692,11.7293,0.0399035
8.25,11.8015,11.7518,0.0496795
8.26667,11.8326,11.7742,0.0583615
8.28333,11.8628,11.7967,0.0661149
8.3,11.8961,11.8192,0.0769159
8.31667,11.927,11.8416,0.0853859
8.33333,11.9583,11.8641,0.0941983
8.35,11.9886,11.8865,0.102018
8.36667,12.0198,11.909,0.110765
8.38333,12.0517,11.9315,0.120181
8.4,12.0831,11.9539,0.129205
8.41667,12.1137,11.9764,0.137314
8.43333,12.1443,11.9989,0.145439
8.45,12.174,12.0213,0.152658
8.46667,12.2065,12.0438,0.16271
8.48333,12.2365,12.0662,0.170229
8.5,12.2668,12.0887,0.178066
8.51667,12.2949,12.1112,0.18368
8.53333,12.326,12.1336,0.192335
8.55,12.3561,12.1561,0.20005
8.56667,12.3869,12.1786,0.208386
8.58333,12.4163,12.201,0.215312
8.6,12.4441,12.2235,0.220659
8.61667,12.4741,12.2459,0.228143
8.63333,12.5033,12.2684,0.234915
8.65,12.5306,12.2909,0.239762
8.66667,12.5606,12.3133,0.247295
8.68333,12.588,12.3358,0.252236
8.7,12.6172,12.3583,0.258963
8.71667,12.645,12.3807,0.264309
8.73333,12.6723,12.4032,0.269138
8.75,12.6993,12.4256,0.273667
8.76667,12.7275,12.4481,0.2794
8.78333,12.7549,12.4706,0.2843
8.8,12.7827,12.493,0.289617
8.81667,12.8093,12.5155,0.293844
8.83333,12.8341,12.538,0.296178
8.85,12.861,12.5604,0.300535
8.86667,12.8872,12.5829,0.304299
8.88333,12.9133,12.6053,0.307909
8.9,12.9373,12.6278,0.309506
8.91667,12.9645,12.6503,0.314238
8.93333,12.9896,12.6727,0.316903
8.95,13.0141,12.6952,0.318917
8.96667,13.0396,12.7177,0.321957
8.98333,13.0635,12.7401,0.323411
9,13.0869,12.7626,0.324284
9.01667,13.1102,12.785,0.325143
9.03333,13.1345,12.8075,0.326943
9.05,13.1592,12.83,0.329248
9.06667,13.1806,12.8524,0.3282
9.08333,13.2035,12.8749,0.328572
9.1,13.2261,12.8974,0.328785
9.11667,13.2494,12.9198,0.329598
9.13333,13.2691,12.9423,0.32686
9.15,13.2939,12.9647,0.329132
9.16667,13.3153,12.9872,0.328051
9.18333,13.3359,13.0097,0.326256
9.2,13.3564,13.0321,0.324228
9.21667,13.3772,13.0546,0.322579
9.23333,13.3988,13.0771,0.321753
9.25,13.4194,13.0995,0.319857
9.26667,13.4368,13.122,0.314784
9.28333,13.4579,13.1444,0.313461
9.3,13.4778,13.1669,0.310905
9.31667,13.499,13.1894,0.309672
9.33333,13.5163,13.2118,0.304496
9.35,13.5345,13.2343,0.300162
9.36667,13.5542,13.2568,0.297475
9.38333,13.572,13.2792,0.292766
9.4,13.5918,13.3017,0.290085
9.41667,13.6083,13.3241,0.284167
9.43333,13.6258,13.3466,0.279182
9.45,13.6436,13.3691,0.274551
9.46667,13.6618,13.3915,0.270274
9.48333,13.6766,13.414,0.262632
9.5,13.6952,13.4365,0.258746
9.51667,13.7127,13.4589,0.253733
9.53333,13.7273,13.4814,0.245938
9.55,13.7443,13.5038,0.240463
9.56667,13.7599,13.5263,0.233599
9.58333,13.776,13.5488,0.227205
9.6,13.7929,13.5712,0.221668
9.61667,13.8078,13.5937,0.214062
9.63333,13.8222,13.6162,0.206035
9.65,13.839,13.6386,0.200354
9.66667,13.8532,13.6611,0.192124
9.68333,13.8696,13.6835,0.186046
9.7,13.8841,13.706,0.178134
9.71667,13.8976,13.7285,0.169139
9.73333,13.9122,13.7509,0.161269
9.75,13.9279,13.7734,0.154523
9.76667,13.9416,13.7959,0.145695
9.78333,13.9554,13.8183,0.137108
9.8,13.9696,13.8408,0.128822
9.81667,13.9828,13.8633,0.119598
9.83333,13.9968,13.8857,0.111085
9.85,14.0106,13.9082,0.102418
9.86667,14.0248,13.9306,0.0941479
9.88333,14.0375,13.9531,0.0844173
9.9,14.052,13.9756,0.0764633
9.91667,14.0652,13.998,0.0671953
9.93333,14.0788,14.0205,0.0583317
9.95,14.0926,14.043,0.0496417
9.96667,14.106,14.0654,0.0406097
9.98333,14.1196,14.0879,0.031725
10,14.1332,14.1103,0.0229101
10.0167,14.1469,14.1328,0.0140511
10.0333,14.1605,14.1553,0.00523843
10.05,14.1726,14.1777,-0.00513755
10.0667,14.186,14.2002,-0.0141645
10.0833,14.1993,14.2227,-0.0233152
10.1,14.2139,14.2451,-0.0311922
10.1167,14.2269,14.2676,-0.0406962
10.1333,14.2412,14.29,-0.0488338
10.15,14.254,14.3125,-0.0585088
10.1667,14.2681,14.335,-0.0668438
10.1833,14.2793,14.3574,-0.0781264
10.2,14.2929,14.3799,-0.0870374
10.2167,14.3069,14.4024,-0.0954414
10.2333,14.3205,14.4248,-0.104353
10.25,14.3345,14.4473,-0.112784
10.2667,14.348,14.4697,-0.121728
10.2833,14.3621,14.4922,-0.130096
10.3,14.3761,14.5147,-0.138578
10.3167,14.3901,14.5371,-0.147014
10.3333,14.4042,14.5596,-0.155351
10.35,14.4186,14.5821,-0.163414
10.3667,14.4353,14.6045,-0.169236
10.3833,14.4486,14.627,-0.178343
10.4,14.4638,14.6494,-0.185652
10.4167,14.4782,14.6719,-0.19372
10.4333,14.4927,14.6944,-0.201631
10.45,14.5084,14.7168,-0.208387
10.4667,14.5244,14.7393,-0.214876
10.4833,14.5381,14.7618,-0.223701
10.5,14.5559,14.7842,-0.228347
10.5167,14.5709,14.8067,-0.235776
10.5333,14.586,14.8291,-0.243131
10.55,14.6032,14.8516,-0.248377
10.5667,14.6179,14.8741,-0.256133
10.5833,14.6369,14.8965,-0.259602
10.6,14.6524,14.919,-0.266576
10.6167,14.6691,14.9415,-0.272402
10.6333,14.6866,14.9639,-0.277345
10.65,14.7025,14.9864,-0.283828
10.6667,14.7217,15.0088,-0.287163
10.6833,14.7387,15.0313,-0.292634
10.7,14.7564,15.0538,-0.297334
10.7167,14.7746,15.0762,-0.301641
10.7333,14.7939,15.0987,-0.30474
10.75,14.8122,15.1212,-0.308981
10.7667,14.831,15.1436,-0.31266
10.7833,14.85,15.1661,-0.316108
10.8,14.8701,15.1885,-0.318438
10.8167,14.8898,15.211,-0.321204
10.8333,14.9086,15.2335,-0.324888
10.85,14.9289,15.2559,-0.327067
10.8667,14.9495,15.2784,-0.328866
10.8833,14.9708,15.3009,-0.330063
10.9,14.9897,15.3233,-0.333608
10.9167,15.0109,15.3458,-0.334849
10.9333,15.0332,15.3682,-0.335071
10.95,15.0544,15.3907,-0.336325
10.9667,15.0771,15.4132,-0.33611
10.9833,15.0987,15.4356,-0.336902
11,15.1213,15.4581,-0.336792
11.0167,15.1423,15.4806,-0.338242
11.0333,15.1671,15.503,-0.335913
11.05,15.19,15.5255,-0.335502
11.0667,15.2129,15.5479,-0.335069
11.0833,15.2367,15.5704,-0.333719
11.1,15.2592,15.5929,-0.333681
11.1167,15.2841,15.6153,-0.331265
11.1333,15.3085,15.6378,-0.329243
11.15,15.3329,15.6603,-0.327392
11.1667,15.3577,15.6827,-0.325004
11.1833,15.3846,15.7052,-0.320555
11.2,15.4081,15.7276,-0.319525
11.2167,15.433,15.7501,-0.317074
11.2333,15.4595,15.7726,-0.313071
11.25,15.4847,15.795,-0.310357
11.2667,15.5107,15.8175,-0.306804
11.2833,15.5385,15.84,-0.301491
11.3,15.5658,15.8624,-0.296586
11.3167,15.5909,15.8849,-0.293991
11.3333,15.618,15.9073,-0.289386
11.35,15.6452,15.9298,-0.284652
11.3667,15.6723,15.9523,-0.279998
11.3833,15.7021,15.9747,-0.272599
11.4,15.7294,15.9972,-0.267809
11.4167,15.7567,16.0197,-0.262939
11.4333,15.7864,16.0421,-0.25575
11.45,15.8131,16.0646,-0.251474
11.4667,15.8438,16.087,-0.243236
11.4833,15.8731,16.1095,-0.236391
11.5,15.9005,16.132,-0.231443
11.5167,15.9312,16.1544,-0.2232
11.5333,15.9595,16.1769,-0.217435
11.55,15.9889,16.1994,-0.21042
11.5667,16.0177,16.2218,-0.20407
11.5833,16.0493,16.2443,-0.194942
11.6,16.0792,16.2667,-0.187545
11.6167,16.1097,16.2892,-0.179494
11.6333,16.1396,16.3117,-0.172083
11.65,16.1701,16.3341,-0.164012
11.6667,16.2024,16.3566,-0.154215
11.6833,16.2321,16.3791,-0.146944
11.7,16.2622,16.4015,-0.139306
11.7167,16.2935,16.424,-0.130433
11.7333,16.3239,16.4464,-0.122512
11.75,16.355,16.4689,-0.113952
11.7667,16.387,16.4914,-0.104341
11.7833,16.4171,16.5138,-0.096704
11.8,16.4509,16.5363,-0.085417
11.8167,16.4801,16.5588,-0.078659
11.8333,16.5105,16.5812,-0.0706886
11.85,16.5429,16.6037,-0.0608276
11.8667,16.5754,16.6261,-0.0507766
11.8833,16.6072,16.6486,-0.0413772
11.9,16.6387,16.6711,-0.0323342
11.9167,16.6698,16.6935,-0.0237682
11.9333,16.7024,16.716,-0.0135898
11.95,16.7324,16.7385,-0.00605583
11.9667,16.7638,16.7609,0.00284818
11.9833,16.7976,16.7834,0.0142495
12,16.8278,16.8058,0.0219796
12.0167,16.8601,16.8283,0.0317866
12.0333,16.8922,16.8508,0.0414049
12.05,16.9242,16.8732,0.0509969
12.0667,16.9556,16.8957,0.059886
12.0833,16.9863,16.9182,0.0681863
12.1,17.0172,16.9406,0.0765643
12.1167,17.0501,16.9631,0.0870483
12.1333,17.0806,16.9855,0.0950107
12.15,17.1137,17.008,0.105646
12.1667,17.143,17.0305,0.112542
12.1833,17.1746,17.0529,0.121701
12.2,17.2049,17.0754,0.129483
12.2167,17.2361,17.0979,0.138215
12.2333,17.2659,17.1203,0.145603
12.25,17.2979,17.1428,0.155129
12.2667,17.3275,17.1652,0.162269
12.2833,17.3598,17.1877,0.172134
12.3,17.3892,17.2102,0.179014
12.3167,17.4195,17.2326,0.186913
12.3333,17.449,17.2551,0.193923
12.35,17.4798,17.2776,0.202195
12.3667,17.5097,17.3,0.20967
12.3833,17.5382,17.3225,0.215701
12.4,17.569,17.3449,0.224048
12.4167,17.5978,17.3674,0.230345
12.4333,17.6266,17.3899,0.236706
12.45,17.6564,17.4123,0.244068
12.4667,17.6829,17.4348,0.248086
12.4833,17.7122,17.4573,0.254978
12.5,17.7413,17.4797,0.261568
12.5167,17.7692,17.5022,0.266983
12.5333,17.7968,17.5246,0.272146
12.55,17.8245,17.5471,0.277368
12.5667,17.8528,17.5696,0.283279
12.5833,17.8793,17.592,0.287287
12.6,17.9073,17.6145,0.292758
12.6167,17.9349,17.637,0.297917
12.6333,17.9609,17.6594,0.301513
12.65,17.9867,17.6819,0.304778
12.6667,18.0124,17.7043,0.308031
12.6833,18.0394,17.7268,0.312615
12.7,18.0651,17.7493,0.315848
12.7167,18.0911,17.7717,0.319402
12.7333,18.1159,17.7942,0.321692
12.75,18.1402,17.8167,0.32352
12.7667,18.1646,17.8391,0.325468
12.7833,18.1901,17.8616,0.328522
12.8,18.2134,17.884,0.329317
12.8167,18.2391,17.9065,0.332582
12.8333,18.26,17.929,0.331041
12.85,18.2855,17.9514,0.334117
12.8667,18.3086,17.9739,0.334745
12.8833,18.3313,17.9964,0.334928
12.9,18.3537,18.0188,0.334912
12.9167,18.3767,18.0413,0.33537
12.9333,18.3973,18.0637,0.333586
12.95,18.4205,18.0862,0.334247
12.9667,18.4421,18.1087,0.333421
12.9833,18.4649,18.1311,0.333762
13,18.4847,18.1536,0.331097
13.0167,18.5068,18.1761,0.33073
13.0333,18.5257,18.1985,0.327154
13.05,18.5475,18.221,0.326558
13.0667,18.5689,18.2434,0.325415
13.0833,18.5876,18.2659,0.321663
13.1,18.6068,18.2884,0.318398
13.1167,18.6277,18.3108,0.316873
13.1333,18.6462,18.3333,0.31289
13.15,18.665,18.3558,0.309212
13.1667,18.6833,18.3782,0.305108
13.1833,18.7022,18.4007,0.301508
13.2,18.7209,18.4231,0.297714
13.2167,18.739,18.4456,0.293365
13.2333,18.7572,18.4681,0.289161
13.25,18.7754,18.4905,0.284857
13.2667,18.7912,18.513,0.278158
13.2833,18.8094,18.5355,0.273954
13.3,18.8257,18.5579,0.267765
13.3167,18.8439,18.5804,0.263543
13.3333,18.8594,18.6028,0.256586
13.35,18.8759,18.6253,0.250633
13.3667,18.8942,18.6478,0.2464
13.3833,18.9096,18.6702,0.239382
13.4,18.9263,18.6927,0.233646
13.4167,18.9416,18.7152,0.226456
13.4333,18.9558,18.7376,0.218157
13.45,18.9722,18.7601,0.212079
13.4667,18.9876,18.7825,0.205028
13.4833,19.0012,18.805,0.196242
13.5,19.0178,18.8275,0.190356
13.5167,19.032,18.8499,0.182043
13.5333,19.0478,18.8724,0.175392
13.55,19.0612,18.8949,0.166354
13.5667,19.075,18.9173,0.157711
13.5833,19.0899,18.9398,0.150137
13.6,19.1035,18.9622,0.14123
13.6167,19.1175,18.9847,0.13281
13.6333,19.1322,19.0072,0.125057
13.65,19.1458,19.0296,0.116117
13.6667,19.1604,19.0521,0.108352
13.6833,19.1746,19.0746,0.100056
13.7,19.1875,19.097,0.0904387
13.7167,19.2015,19.1195,0.0819747
13.7333,19.2136,19.1419,0.0716161
13.75,19.2283,19.1644,0.0638741
13.7667,19.2411,19.1869,0.0542131
13.7833,19.2557,19.2093,0.0463505
13.8,19.2677,19.2318,0.0359255
13.8167,19.2816,19.2543,0.0273515
13.8333,19.2956,19.2767,0.0189239
13.85,19.3077,19.2992,0.00847689
13.8667,19.3229,19.3216,0.00126891
13.8833,19.3363,19.3441,-0.00776073
13.9,19.3495,19.3666,-0.0170727
13.9167,19.3611,19.389,-0.0279117
13.9333,19.3744,19.4115,-0.0371413
13.95,19.388,19.434,-0.0459233
13.9667,19.4012,19.4564,-0.0552473
13.9833,19.4145,19.4789,-0.064349
14,19.4284,19.5013,-0.0729389
14.0167,19.4425,19.5238,-0.0812679
14.0333,19.4557,19.5463,-0.0906156
14.05,19.4702,19.5687,-0.0985776
14.0667,19.4831,19.5912,-0.108053
14.0833,19.4984,19.6137,-0.115243
14.1,19.5124,19.6361,-0.123698
14.1167,19.5275,19.6586,-0.131119
14.1333,19.5415,19.681,-0.139566
14.15,19.5564,19.7035,-0.147141
14.1667,19.5709,19.726,-0.155104
14.1833,19.5836,19.7484,-0.164791
14.2,19.5987,19.7709,-0.17221
14.2167,19.6138,19.7934,-0.179576
14.2333,19.6289,19.8158,-0.186918
14.25,19.6437,19.8383,-0.194606
14.2667,19.6582,19.8607,-0.202596
14.2833,19.6757,19.8832,-0.207556
14.3,19.6899,19.9057,-0.215757
14.3167,19.7056,19.9281,-0.222565
14.3333,19.7216,19.9506,-0.228977
14.35,19.7381,19.9731,-0.234995
14.3667,19.7548,19.9955,-0.240725
14.3833,19.7701,20.018,-0.24787
14.4,19.7868,20.0404,-0.253694
14.4167,19.8047,20.0629,-0.258239
14.4333,19.8205,20.0854,-0.264859
14.45,19.8389,20.1078,-0.268904
14.4667,19.8565,20.1303,-0.273784
14.4833,19.8747,20.1528,-0.278059
14.5,19.8912,20.1752,-0.283973
14.5167,19.9093,20.1977,-0.288346
14.5333,19.9278,20.2201,-0.292302
14.55,19.9468,20.2426,-0.295782
14.5667,19.9654,20.2651,-0.299639
14.5833,19.9857,20.2875,-0.301875
14.6,20.0033,20.31,-0.306731
14.6167,20.0233,20.3325,-0.309127
14.6333,20.043,20.3549,-0.311928
14.65,20.0621,20.3774,-0.315288
14.6667,20.0835,20.3998,-0.316376
14.6833,20.1029,20.4223,-0.319457
14.7,20.1244,20.4448,-0.320401
14.7167,20.1456,20.4672,-0.321671
14.7333,20.1671,20.4897,-0.322586
14.75,20.1874,20.5122,-0.324771
14.7667,20.209,20.5346,-0.325617
14.7833,20.2326,20.5571,-0.324494
14.8,20.2551,20.5795,-0.324465
14.8167,20.2756,20.602,-0.326459
14.8333,20.2989,20.6245,-0.325566
14.85,20.321,20.6469,-0.325956
14.8667,20.3461,20.6694,-0.323321
14.8833,20.3697,20.6919,-0.322191
14.9,20.3922,20.7143,-0.322144
14.9167,20.4166,20.7368,-0.320186
14.9333,20.4423,20.7592,-0.316966
14.95,20.4642,20.7817,-0.317546
14.9667,20.4895,20.8042,-0.314652
14.9833,20.5148,20.8266,-0.311826
15,20.5396,20.8491,-0.309501
15.0167,20.5644,20.8716,-0.307131
15.0333,20.5919,20.894,-0.302078
15.05,20.6178,20.9165,-0.298727
15.0667,20.6437,20.9389,-0.295289
15.0833,20.6687,20.9614,-0.292735
15.1,20.6967,20.9839,-0.287198
15.1167,20.7227,21.0063,-0.283682
15.1333,20.7488,21.0288,-0.279972
15.15,20.7777,21.0513,-0.273527
15.1667,20.8044,21.0737,-0.269364
15.1833,20.8316,21.0962,-0.264598
15.2,20.8591,21.1186,-0.25952
15.2167,20.8891,21.1411,-0.252058
15.2333,20.9169,21.1636,-0.246691
15.25,20.9459,21.186,-0.24017
15.2667,20.9727,21.2085,-0.235801
15.2833,21.0022,21.231,-0.228759
15.3,21.0318,21.2534,-0.221583
15.3167,21.0597,21.2759,-0.216202
15.3333,21.0892,21.2983,-0.209189
15.35,21.1189,21.3208,-0.201922
15.3667,21.1479,21.3433,-0.195339
15.3833,21.1788,21.3657,-0.186903
15.4,21.207,21.3882,-0.181239
15.4167,21.2389,21.4107,-0.171736
15.4333,21.2699,21.4331,-0.16322
15.45,21.2984,21.4556,-0.157169
15.4667,21.3291,21.4781,-0.148975
15.4833,21.3601,21.5005,-0.140425
15.5,21.3904,21.523,-0.132605
15.5167,21.4206,21.5454,-0.124844
15.5333,21.452,21.5679,-0.11589
15.55,21.4838,21.5904,-0.106569
15.5667,21.5148,21.6128,-0.0980449
15.5833,21.5454,21.6353,-0.0899236
15.6,21.5763,21.6578,-0.0814525
15.6167,21.6095,21.6802,-0.0707415
15.6333,21.6408,21.7027,-0.0618382
15.65,21.6715,21.7251,-0.0535892
15.6667,21.7021,21.7476,-0.0454571
15.6833,21.7336,21.7701,-0.0364388
15.7,21.7665,21.7925,-0.0260318
15.7167,21.7955,21.815,-0.0194898
15.7333,21.8284,21.8375,-0.0090174
15.75,21.8604,21.8599,0.000518616
15.7667,21.8925,21.8824,0.0101726
15.7833,21.9239,21.9048,0.019028
15.8,21.9557,21.9273,0.028369
15.8167,21.9858,21.9498,0.036049
15.8333,22.0176,21.9722,0.0453844
15.85,22.0493,21.9947,0.0546034
15.8667,22.0814,22.0172,0.0642034
15.8833,22.1132,22.0396,0.0735848
15.9,22.1453,22.0621,0.0832388
15.9167,22.1745,22.0845,0.0899718
15.9333,22.2069,22.107,0.0999242
15.95,22.2377,22.1295,0.108262
15.9667,22.2682,22.1519,0.116265
15.9833,22.2993,22.1744,0.124909
16,22.3296,22.1969,0.132725
16.0167,22.3621,22.2193,0.142778
16.0333,22.393,22.2418,0.151256
16.05,22.4227,22.2642,0.158411
16.0667,22.4531,22.2867,0.166407
16.0833,22.4847,22.3092,0.175572
16.1,22.5147,22.3316,0.183067
16.1167,22.5453,22.3541,0.191247
16.1333,22.5741,22.3766,0.197571
16.15,22.6044,22.399,0.205414
16.1667,22.6335,22.4215,0.211994
16.1833,22.6638,22.4439,0.219852
16.2,22.6928,22.4664,0.226385
16.2167,22.7217,22.4889,0.232818
16.2333,22.7528,22.5113,0.241481
16.25,22.7808,22.5338,0.247032
16.2667,22.8109,22.5563,0.254607
16.2833,22.8374,22.5787,0.25871
16.3,22.8665,22.6012,0.265332
16.3167,22.8948,22.6236,0.271121
16.3333,22.922,22.6461,0.275882
16.35,22.9494,22.6686,0.280856
16.3667,22.9775,22.691,0.286476
16.3833,23.0056,22.7135,0.292146
16.4,23.0322,22.736,0.296293
16.4167,23.0602,22.7584,0.301742
16.4333,23.0858,22.7809,0.304874
16.45,23.1113,22.8033,0.30798
16.4667,23.1388,22.8258,0.313042
16.4833,23.164,22.8483,0.315755
16.5,23.1905,22.8707,0.319746
16.5167,23.2148,22.8932,0.321586
16.5333,23.2411,22.9157,0.325408
16.55,23.2657,22.9381,0.327547
16.5667,23.2914,22.9606,0.33084
16.5833,23.3146,22.983,0.331599
16.6,23.3408,23.0055,0.335251
16.6167,23.3639,23.028,0.335938
16.6333,23.3872,23.0504,0.336782
16.65,23.4119,23.0729,0.338972
16.6667,23.4351,23.0954,0.3397
16.6833,23.4577,23.1178,0.339933
16.7,23.4811,23.1403,0.340775
16.7167,23.5037,23.1627,0.340967
16.7333,23.5263,23.1852,0.341127
16.75,23.5475,23.2077,0.339797
16.7667,23.5697,23.2301,0.339523
16.7833,23.5902,23.2526,0.337616
16.8,23.6128,23.2751,0.337758
16.8167,23.6345,23.2975,0.337027
16.8333,23.654,23.32,0.334024
16.85,23.6745,23.3424,0.332062
16.8667,23.6953,23.3649,0.330432
16.8833,23.7171,23.3874,0.329748
16.9,23.7354,23.4098,0.325528
16.9167,23.7559,23.4323,0.323633
16.9333,23.7751,23.4548,0.320333
16.95,23.7924,23.4772,0.315162
16.9667,23.8118,23.4997,0.312093
16.9833,23.831,23.5221,0.308866
17,23.8499,23.5446,0.30531
17.0167,23.8686,23.5671,0.301513
17.0333,23.8861,23.5895,0.29661
17.05,23.9051,23.612,0.293107
17.0667,23.9219,23.6345,0.287437
17.0833,23.9391,23.6569,0.282168
17.1,23.9556,23.6794,0.276212
17.1167,23.9737,23.7018,0.271854
17.1333,23.9885,23.7243,0.264171
17.15,24.0059,23.7468,0.259142
17.1667,24.0242,23.7692,0.255014
17.1833,24.0394,23.7917,0.247726
17.2,24.0551,23.8142,0.240981
17.2167,24.0703,23.8366,0.233696
17.2333,24.0864,23.8591,0.227344
17.25,24.1017,23.8815,0.220138
17.2667,24.1183,23.904,0.214274
17.2833,24.1315,23.9265,0.204989
17.3,24.1474,23.9489,0.198435
17.3167,24.1626,23.9714,0.191192
17.3333,24.1777,23.9939,0.183816
17.35,24.1921,24.0163,0.175778
17.3667,24.2071,24.0388,0.168354
17.3833,24.2214,24.0612,0.160114
17.4,24.2364,24.0837,0.152664
17.4167,24.2487,24.1062,0.142499
17.4333,24.2637,24.1286,0.135047
17.45,24.2765,24.1511,0.125424
17.4667,24.2908,24.1736,0.117251
17.4833,24.3055,24.196,0.109494
17.5,24.3201,24.2185,0.101588
17.5167,24.333,24.2409,0.0920882
17.5333,24.346,24.2634,0.0825556
17.55,24.3589,24.2859,0.0730056
17.5667,24.3731,24.3083,0.0648106
17.5833,24.3874,24.3308,0.0566359
17.6,24.4003,24.3533,0.047053
17.6167,24.4136,24.3757,0.03789
17.6333,24.4265,24.3982,0.0283013
17.65,24.4391,24.4206,0.0185023
17.6667,24.4534,24.4431,0.0103134
17.6833,24.4677,24.4656,0.00213471
17.7,24.4805,24.488,-0.00752527
17.7167,24.4946,24.5105,-0.0159063
17.7333,24.5083,24.533,-0.0246489
17.75,24.5204,24.5554,-0.0349769
17.7667,24.5331,24.5779,-0.0447429
17.7833,24.5475,24.6003,-0.0527945
17.8,24.5602,24.6228,-0.0625605
17.8167,24.5749,24.6453,-0.0703395
17.8333,24.5879,24.6677,-0.0798781
17.85,24.6027,24.6902,-0.0875021
17.8667,24.6163,24.7127,-0.0963751
17.8833,24.6294,24.7351,-0.105764
17.9,24.645,24.7576,-0.112558
17.9167,24.6582,24.78,-0.121847
17.9333,24.6738,24.8025,-0.128706
17.95,24.6857,24.825,-0.139309
17.9667,24.7007,24.8474,-0.146737
17.9833,24.7164,24.8699,-0.153531
18,24.7307,24.8924,-0.161636
18.0167,24.7459,24.9148,-0.168918
18.0333,24.76,24.9373,-0.177315
18.05,24.7756,24.9597,-0.184183
18.0667,24.7896,24.9822,-0.192593
18.0833,24.8072,25.0047,-0.197421
18.1,24.8215,25.0271,-0.205669
18.1167,24.8375,25.0496,-0.212051
18.1333,24.852,25.0721,-0.22004
18.15,24.8693,25.0945,-0.225261
18.1667,24.885,25.117,-0.231969
18.1833,24.9021,25.1394,-0.237366
18.2,24.9179,25.1619,-0.243995
18.2167,24.9363,25.1844,-0.248111
18.2333,24.9533,25.2068,-0.253511
18.25,24.9689,25.2293,-0.260428
18.2667,24.9875,25.2518,-0.264296
18.2833,25.006,25.2742,-0.268216
18.3,25.0222,25.2967,-0.27447
18.3167,25.0404,25.3191,-0.278774
18.3333,25.0585,25.3416,-0.283079
18.35,25.0772,25.3641,-0.286819
18.3667,25.0971,25.3865,-0.289439
18.3833,25.1155,25.409,-0.293491
18.4,25.1337,25.4315,-0.297711
18.4167,25.1548,25.4539,-0.299165
18.4333,25.1746,25.4764,-0.301822
18.45,25.1928,25.4988,-0.30608
18.4667,25.2134,25.5213,-0.307942
18.4833,25.2339,25.5438,-0.309895
18.5,25.2553,25.5662,-0.310918
18.5167,25.2754,25.5887,-0.313337
18.5333,25.2964,25.6112,-0.314804
18.55,25.3197,25.6336,-0.313891
18.5667,25.3403,25.6561,-0.315789
18.5833,25.3614,25.6785,-0.317133
18.6,25.385,25.701,-0.316011
18.6167,25.4061,25.7235,-0.317389
18.6333,25.4292,25.7459,-0.316684
18.65,25.453,25.7684,-0.315394
18.6667,25.4755,25.7909,-0.315347
18.6833,25.4997,25.8133,-0.313622
18.7,25.5238,25.8358,-0.311985
18.7167,25.546,25.8582,-0.312285
18.7333,25.5718,25.8807,-0.308921
18.75,25.5956,25.9032,-0.307604
18.7667,25.6194,25.9256,-0.306203
18.7833,25.6447,25.9481,-0.303372
18.8,25.6714,25.9706,-0.299117
18.8167,25.6952,25.993,-0.297825
18.8333,25.7214,26.0155,-0.294053
18.85,25.747,26.0379,-0.290984
18.8667,25.7729,26.0604,-0.287509
18.8833,25.7989,26.0829,-0.283964
18.9,25.8271,26.1053,-0.278193
18.9167,25.8538,26.1278,-0.273962
18.9333,25.8795,26.1503,-0.270719
18.95,25.9074,26.1727,-0.265278
18.9667,25.9342,26.1952,-0.260977
18.9833,25.9613,26.2176,-0.256381
19,25.9885,26.2401,-0.251629
19.0167,26.018,26.2626,-0.244571
19.0333,26.0448,26.285,-0.240255
19.05,26.0728,26.3075,-0.234675
19.0667,26.1037,26.33,-0.226215
19.0833,26.1318,26.3524,-0.22067
19.1,26.1611,26.3749,-0.213813
19.1167,26.1897,26.3973,-0.207606
19.1333,26.2181,26.4198,-0.201721
19.15,26.2488,26.4423,-0.193516
19.1667,26.2794,26.4647,-0.185315
19.1833,26.3084,26.4872,-0.178799
19.2,26.3381,26.5097,-0.171598
19.2167,26.3669,26.5321,-0.16518
19.2333,26.3984,26.5546,-0.156156
19.25,26.4291,26.577,-0.147981
19.2667,26.4596,26.5995,-0.139862
19.2833,26.4896,26.622,-0.132379
19.3,26.5202,26.6444,-0.124207
19.3167,26.5495,26.6669,-0.117416
19.3333,26.5817,26.6894,-0.107702
19.35,26.6136,26.7118,-0.0982315
19.3667,26.6438,26.7343,-0.0904905
19.3833,26.6754,26.7567,-0.0813571
19.4,26.7072,26.7792,-0.0719621
19.4167,26.7366,26.8017,-0.0650601
19.4333,26.768,26.8241,-0.0561637
19.45,26.8003,26.8466,-0.0462587
19.4667,26.8315,26.8691,-0.0375177
19.4833,26.8644,26.8915,-0.0271043
19.5,26.8938,26.914,-0.0202213
19.5167,26.9267,26.9364,-0.00975231
19.5333,26.9568,26.9589,-0.00207195
19.55,26.9888,26.9814,0.00738806
19.5667,27.0205,27.0038,0.0166251
19.5833,27.0519,27.0263,0.0255864
19.6,27.0833,27.0488,0.0345105
19.6167,27.1148,27.0712,0.0435515
19.6333,27.148,27.0937,0.0543318
19.65,27.1779,27.1161,0.0617548
19.6667,27.211,27.1386,0.0723739
19.6833,27.2418,27.1611,0.0807342
19.7,27.2725,27.1835,0.0889672
19.7167,27.3041,27.206,0.0981112
19.7333,27.3346,27.2285,0.10614
19.75,27.3665,27.2509,0.11558
19.7667,27.3973,27.2734,0.123963
19.7833,27.4279,27.2958,0.13203
19.8,27.4584,27.3183,0.140047
19.8167,27.4899,27.3408,0.149128
19.8333,27.522,27.3632,0.158801
19.85,27.553,27.3857,0.16729
19.8667,27.5816,27.4082,0.173437
19.8833,27.612,27.4306,0.181344
19.9,27.6433,27.4531,0.190187
19.9167,27.6735,27.4755,0.197911
19.9333,27.7036,27.498,0.205622
19.95,27.7334,27.5205,0.21288
19.9667,27.7632,27.5429,0.220302
19.9833,27.7938,27.5654,0.228366
20,27.8226,27.5879,0.234716
20.0167,27.8503,27.6103,0.240001
20.0333,27.8799,27.6328,0.247151
20.05,27.9095,27.6552,0.254211
20.0667,27.9381,27.6777,0.260383
20.0833,27.9668,27.7002,0.266592
20.1,27.9956,27.7226,0.272987
20.1167,28.0232,27.7451,0.278138
20.1333,28.0511,27.7676,0.283589
20.15,28.0789,27.79,0.288908
20.1667,28.1063,27.8125,0.293809
20.1833,28.1343,27.8349,0.299399
20.2,28.1615,27.8574,0.304135
20.2167,28.1871,27.8799,0.307233
20.2333,28.2148,27.9023,0.312464
20.25,28.242,27.9248,0.317202
20.2667,28.2659,27.9473,0.318684
20.2833,28.2933,27.9697,0.32359
20.3,28.3185,27.9922,0.326324
20.3167,28.3463,28.0146,0.331696
20.3333,28.3706,28.0371,0.333511
20.35,28.3963,28.0596,0.336733
20.3667,28.4206,28.082,0.338558
20.3833,28.4438,28.1045,0.339305
20.4,28.4699,28.127,0.342944
20.4167,28.493,28.1494,0.343535
20.4333,28.5162,28.1719,0.344308
20.45,28.541,28.1943,0.346623
20.4667,28.5632,28.2168,0.346353
20.4833,28.587,28.2393,0.347699
20.5,28.611,28.2617,0.349302
20.5167,28.6324,28.2842,0.348167
20.5333,28.6553,28.3067,0.348619
20.55,28.676,28.3291,0.346923
20.5667,28.6989,28.3516,0.347279
20.5833,28.7208,28.374,0.346758
20.6,28.7412,28.3965,0.344672
20.6167,28.7626,28.419,0.343674
20.6333,28.783,28.4414,0.341529
20.65,28.8042,28.4639,0.340291
20.6667,28.8246,28.4864,0.338209
20.6833,28.8461,28.5088,0.3373
20.7,28.8657,28.5313,0.334435
20.7167,28.8854,28.5538,0.331678
20.7333,28.9052,28.5762,0.328979
20.75,28.9241,28.5987,0.325384
20.7667,28.9416,28.6211,0.320455
20.7833,28.962,28.6436,0.318444
20.8,28.981,28.6661,0.314917
20.8167,28.9987,28.6885,0.310125
20.8333,29.0167,28.711,0.305702
20.85,29.036,28.7334,0.302591
20.8667,29.0512,28.7559,0.295298
20.8833,29.0695,28.7784,0.291134
20.9,29.0877,28.8008,0.286859
20.9167,29.1028,28.8233,0.279485
20.9333,29.1206,28.8458,0.274867
20.95,29.1368,28.8682,0.26853
20.9667,29.1533,28.8907,0.262629
20.9833,29.1714,28.9131,0.258247
21,29.1853,28.9356,0.249732
21.0167,29.2021,28.9581,0.244054
21.0333,29.2171,28.9805,0.236526
21.05,29.2327,29.003,0.229747
21.0667,29.2477,29.0255,0.222214
21.0833,29.2636,29.0479,0.215672
21.1,29.2803,29.0704,0.209962
21.1167,29.2932,29.0929,0.200363
21.1333,29.3092,29.1153,0.193875
21.15,29.3231,29.1378,0.185305
21.1667,29.3378,29.1602,0.177529
21.1833,29.352,29.1827,0.169306
21.2,29.3667,29.2052,0.16155
21.2167,29.3815,29.2276,0.153863
21.2333,29.3941,29.2501,0.144054
21.25,29.4091,29.2726,0.136504
21.2667,29.4219,29.295,0.126895
21.2833,29.4374,29.3175,0.119911
21.3,29.449,29.3399,0.109038
21.3167,29.4633,29.3624,0.10093
21.3333,29.4783,29.3849,0.093433
21.35,29.4916,29.4073,0.084251
21.3667,29.5055,29.4298,0.075714
21.3833,29.5172,29.4523,0.0649984
21.4,29.5313,29.4747,0.0565884
21.4167,29.5454,29.4972,0.0481894
21.4333,29.5584,29.5196,0.0387188
21.45,29.572,29.5421,0.0298588
21.4667,29.5838,29.5646,0.0192088
21.4833,29.5976,29.587,0.0105392
21.5,29.6118,29.6095,0.00226517
21.5167,29.626,29.632,-0.00596581
21.5333,29.6376,29.6544,-0.0168585
21.55,29.6523,29.6769,-0.0245874
21.5667,29.6656,29.6993,-0.0337584
21.5833,29.6799,29.7218,-0.0419141
21.6,29.6935,29.7443,-0.0507481
21.6167,29.7072,29.7667,-0.059548
21.6333,29.7206,29.7892,-0.0686277
21.65,29.732,29.8117,-0.0796287
21.6667,29.7475,29.8341,-0.0865777
21.6833,29.7623,29.8566,-0.0942853
21.7,29.7756,29.879,-0.103423
21.7167,29.7893,29.9015,-0.112194
21.7333,29.8027,29.924,-0.121313
21.75,29.8166,29.9464,-0.129799
21.7667,29.8323,29.9689,-0.136621
21.7833,29.8459,29.9914,-0.145477
21.8,29.8594,30.0138,-0.15438
21.8167,29.8761,30.0363,-0.160215
21.8333,29.8895,30.0587,-0.169259
21.85,29.9054,30.0812,-0.175839
21.8667,29.9211,30.1037,-0.182586
21.8833,29.9356,30.1261,-0.190552
21.9,29.9508,30.1486,-0.197741
21.9167,29.9675,30.1711,-0.203516
21.9333,29.9833,30.1935,-0.210185
21.95,30,30.216,-0.215996
21.9667,30.0156,30.2384,-0.222874
21.9833,30.0319,30.2609,-0.228972
22,30.0484,30.2834,-0.23499
22.0167,30.065,30.3058,-0.24079
22.0333,30.0808,30.3283,-0.247536
22.05,30.0993,30.3508,-0.251408
22.0667,30.1166,30.3732,-0.256613
22.0833,30.1328,30.3957,-0.262891
22.1,30.1518,30.4181,-0.266358
22.1167,30.1693,30.4406,-0.271312
22.1333,30.1879,30.4631,-0.275151
22.15,30.205,30.4855,-0.280546
22.1667,30.2241,30.508,-0.283908
22.1833,30.2438,30.5305,-0.286621
22.2,30.2623,30.5529,-0.290592
22.2167,30.2819,30.5754,-0.293429
22.2333,30.3023,30.5978,-0.295501
22.25,30.3227,30.6203,-0.297648
22.2667,30.343,30.6428,-0.2998
22.2833,30.3613,30.6652,-0.303885
22.3,30.3828,30.6877,-0.304854
22.3167,30.404,30.7102,-0.306166
22.3333,30.4259,30.7326,-0.306763
22.35,30.4458,30.7551,-0.309315
22.3667,30.4674,30.7775,-0.310159
22.3833,30.4903,30.8,-0.309684
22.4,30.513,30.8225,-0.309502
22.4167,30.5334,30.8449,-0.311482
22.4333,30.5559,30.8674,-0.311484
22.45,30.5789,30.8899,-0.310941
22.4667,30.6035,30.9123,-0.308847
22.4833,30.6254,30.9348,-0.309344
22.5,30.6488,30.9572,-0.308434
22.5167,30.6746,30.9797,-0.305127
22.5333,30.6984,31.0022,-0.30379
22.55,30.7225,31.0246,-0.302139
22.5667,30.7459,31.0471,-0.301216
22.5833,30.7706,31.0696,-0.298918
22.6,30.7973,31.092,-0.294714
22.6167,30.822,31.1145,-0.292461
22.6333,30.8466,31.1369,-0.290331
22.65,30.8738,31.1594,-0.285603
22.6667,30.8997,31.1819,-0.282215
22.6833,30.9252,31.2043,-0.27908
22.7,30.9518,31.2268,-0.274947
22.7167,30.9792,31.2493,-0.270081
22.7333,31.0043,31.2717,-0.267452
22.75,31.0312,31.2942,-0.262954
22.7667,31.0614,31.3166,-0.255202
22.7833,31.0877,31.3391,-0.251359
22.8,31.1165,31.3616,-0.245028
22.8167,31.1427,31.384,-0.241309
22.8333,31.1712,31.4065,-0.235259
22.85,31.1995,31.429,-0.229495
22.8667,31.229,31.4514,-0.222428
22.8833,31.257,31.4739,-0.216926
22.9,31.2875,31.4963,-0.208876
22.9167,31.3144,31.5188,-0.204435
22.9333,31.3436,31.5413,-0.197681
22.95,31.3741,31.5637,-0.189647
22.9667,31.4031,31.5862,-0.183084
22.9833,31.4328,31.6087,-0.175877
23,31.4623,31.6311,-0.168847
23.0167,31.4944,31.6536,-0.159144
23.0333,31.5244,31.676,-0.151685
23.05,31.5539,31.6985,-0.144643
23.0667,31.5849,31.721,-0.136051
23.0833,31.6168,31.7434,-0.12665
23.1,31.6464,31.7659,-0.119483
23.1167,31.6775,31.7884,-0.110864
23.1333,31.7078,31.8108,-0.102998
23.15,31.7392,31.8333,-0.094127
23.1667,31.7697,31.8557,-0.086081
23.1833,31.802,31.8782,-0.0762167
23.2,31.8326,31.9007,-0.0680657
23.2167,31.8637,31.9231,-0.0594386
23.2333,31.8952,31.9456,-0.0503673
23.25,31.9255,31.9681,-0.0425513
23.2667,31.9575,31.9905,-0.0330523
23.2833,31.9889,32.013,-0.0240429
23.3,32.0217,32.0354,-0.0137089
23.3167,32.0534,32.0579,-0.00455486
23.3333,32.0835,32.0804,0.0030875
23.35,32.1157,32.1028,0.0129055
23.3667,32.1478,32.1253,0.0224575
23.3833,32.1803,32.1478,0.0325519
23.4,32.2121,32.1702,0.0419099
23.4167,32.2434,32.1927,0.0507429
23.4333,32.2752,32.2151,0.0600533
23.45,32.3075,32.2376,0.0698663
23.4667,32.3385,32.2601,0.0784433
23.4833,32.3712,32.2825,0.0886677
23.5,32.3996,32.305,0.0946327
23.5167,32.4324,32.3275,0.104926
23.5333,32.4645,32.3499,0.114559
23.55,32.4958,32.3724,0.123371
23.5667,32.5259,32.3948,0.131029
23.5833,32.5567,32.4173,0.139379
23.6,32.5897,32.4398,0.149951
23.6167,32.6194,32.4622,0.157192
23.6333,32.6497,32.4847,0.165018
23.65,32.6817,32.5072,0.174532
23.6667,32.7118,32.5296,0.182132
23.6833,32.7428,32.5521,0.190716
23.7,32.7727,32.5745,0.198153
23.7167,32.8034,32.597,0.20638
23.7333,32.8325,32.6195,0.212988
23.75,32.8632,32.6419,0.221297
23.7667,32.8922,32.6644,0.227798
23.7833,32.922,32.6869,0.235117
23.8,32.9511,32.7093,0.241808
23.8167,32.9815,32.7318,0.249677
23.8333,33.0103,32.7542,0.256086
23.85,33.0399,32.7767,0.263223
23.8667,33.0691,32.7992,0.269896
23.8833,33.0965,32.8216,0.274847
23.9,33.1271,32.8441,0.28304
23.9167,33.1545,32.8666,0.28795
23.9333,33.1824,32.889,0.293342
23.95,33.2099,32.9115,0.298435
23.9667,33.238,32.9339,0.304095
23.9833,33.266,32.9564,0.309576
