frame,time,x,y,wrapped_angle,unwrapped_angle
0,0.000000,686.220032,284.198151,0.352247,0.352247
1,0.016667,683.840393,278.221710,0.381530,0.381530
2,0.033333,681.822876,272.240051,0.410173,0.410173
3,0.050000,678.767029,266.766998,0.438588,0.438588
4,0.066667,676.241821,260.747803,0.468249,0.468249
5,0.083333,673.155273,255.196503,0.497134,0.497134
6,0.100000,670.186218,249.196915,0.527529,0.527529
7,0.116667,666.815613,243.835373,0.556305,0.556305
8,0.133333,663.160278,238.190201,0.586879,0.586879
9,0.150000,659.094055,232.746750,0.617764,0.617764
10,0.166667,655.840088,227.816833,0.644603,0.644603
11,0.183333,651.848877,222.211349,0.675838,0.675838
12,0.200000,647.187073,217.198730,0.706893,0.706893
13,0.216667,642.782166,212.219711,0.737130,0.737130
14,0.233333,638.188232,207.160019,0.768204,0.768204
15,0.250000,633.883972,202.179443,0.798027,0.798027
16,0.266667,628.751953,197.937836,0.828196,0.828196
17,0.283333,623.835693,193.164322,0.859297,0.859297
18,0.300000,618.216736,188.790833,0.891621,0.891621
19,0.316667,613.134033,184.823914,0.920925,0.920925
20,0.333333,607.131653,180.803329,0.953754,0.953754
21,0.350000,601.849060,176.746277,0.984004,0.984004
22,0.366667,596.215942,172.768967,1.015289,1.015289
23,0.383333,590.232910,169.172485,1.046967,1.046967
24,0.400000,584.153259,165.900391,1.078302,1.078302
25,0.416667,577.867188,162.812408,1.110101,1.110101
26,0.433333,571.849487,159.848572,1.140566,1.140566
27,0.450000,565.104980,156.843506,1.174092,1.174092
28,0.466667,558.698120,154.247086,1.205477,1.205477
29,0.483333,552.122620,151.848862,1.237250,1.237250
30,0.500000,545.782715,149.859344,1.267418,1.267418
31,0.516667,539.190796,147.859344,1.298700,1.298700
32,0.533333,532.156738,145.868805,1.331875,1.331875
33,0.550000,525.856934,144.182022,1.361430,1.361430
34,0.566667,518.827820,143.164612,1.393608,1.393608
35,0.583333,511.813690,141.844803,1.425987,1.425987
36,0.600000,505.130249,140.787445,1.456656,1.456656
37,0.616667,498.268799,140.227264,1.487861,1.487861
38,0.633333,491.149536,139.855164,1.520193,1.520193
39,0.650000,484.211609,139.863129,1.551667,1.551667
40,0.666667,477.181335,139.842316,1.583599,1.583599
41,0.683333,470.187592,139.867172,1.615342,1.615342
42,0.700000,463.759064,140.215393,1.644557,1.644557
43,0.716667,456.768890,140.744431,1.676357,1.676357
44,0.733333,449.822449,141.806366,1.708231,1.708231
45,0.750000,443.115540,142.850372,1.739048,1.739048
46,0.766667,436.227173,143.867615,1.770621,1.770621
47,0.783333,429.835693,145.164322,1.800187,1.800187
48,0.800000,423.115540,146.850372,1.831594,1.831594
49,0.816667,416.650452,148.649170,1.862011,1.862011
50,0.833333,410.274994,150.769165,1.892467,1.892467
51,0.850000,403.910278,152.815475,1.922760,1.922760
52,0.866667,397.859467,155.158371,1.952160,1.952160
53,0.883333,391.824677,157.771805,1.981963,1.981963
54,0.900000,385.896790,160.795181,2.012116,2.012116
55,0.916667,379.852905,163.151794,2.041422,2.041422
56,0.933333,373.813110,166.854507,2.073468,2.073468
57,0.950000,368.129486,169.897919,2.102699,2.102699
58,0.966667,362.831146,173.193710,2.130991,2.130991
59,0.983333,357.192535,176.828598,2.161414,2.161414
60,1.000000,351.768707,180.143539,2.190170,2.190170
61,1.016667,346.738129,184.266922,2.219601,2.219601
62,1.033333,341.784088,187.772736,2.247072,2.247072
63,1.050000,336.773865,191.825241,2.276248,2.276248
64,1.066667,332.238708,196.240921,2.304886,2.304886
65,1.083333,327.817902,200.176376,2.331708,2.331708
66,1.100000,323.131927,204.859818,2.361732,2.361732
67,1.116667,319.131927,208.859818,2.387363,2.387363
68,1.133333,315.227173,213.284042,2.414099,2.414099
69,1.150000,311.164307,217.835678,2.441745,2.441745
70,1.166667,307.122162,222.857010,2.470954,2.470954
71,1.183333,303.806152,227.200439,2.495720,2.495720
72,1.200000,300.202026,231.821976,2.522261,2.522261
73,1.216667,296.770264,236.756180,2.549480,2.549480
74,1.233333,293.781067,241.789612,2.575982,2.575982
75,1.250000,290.779449,246.212952,2.600184,2.600184
76,1.266667,287.801056,251.232925,2.626617,2.626617
77,1.283333,285.195007,256.246643,2.652206,2.652206
78,1.300000,282.812988,261.180389,2.677028,2.677028
79,1.316667,280.199493,266.209869,2.702708,2.702708
80,1.333333,277.813934,271.211609,2.727805,2.727805
81,1.350000,275.861938,276.175995,2.751961,2.751961
82,1.366667,273.819000,281.179108,2.776446,2.776446
83,1.383333,272.199493,286.209869,2.800381,2.800381
84,1.400000,270.293121,291.189606,2.824536,2.824536
85,1.416667,268.800690,296.266479,2.848513,2.848513
86,1.433333,267.273102,300.799744,2.870168,2.870168
87,1.450000,266.330475,305.821381,2.893264,2.893264
88,1.466667,264.761963,310.795197,2.916848,2.916848
89,1.483333,263.827850,315.806152,2.939933,2.939933
90,1.500000,262.733093,320.206482,2.960445,2.960445
91,1.516667,262.275940,325.155792,2.982900,2.982900
92,1.533333,261.189056,329.837860,3.004610,3.004610
93,1.550000,260.797852,334.815826,3.027204,3.027204
94,1.566667,260.188782,339.132324,3.046942,3.046942
95,1.583333,260.145447,343.862152,3.068322,3.068322
96,1.600000,259.793671,348.805054,3.090798,3.090798
97,1.616667,259.773254,353.187958,3.110671,3.110671
98,1.633333,259.835693,357.835693,3.131763,3.131763
99,1.650000,259.841034,361.811798,-3.133363,3.149822
100,1.666667,259.845154,366.197418,-3.113450,3.169735
101,1.683333,259.921600,370.826630,-3.092438,3.190747
102,1.700000,260.233307,374.695160,-3.074825,3.208360
103,1.716667,260.147156,379.198547,-3.054489,3.228696
104,1.733333,260.758148,383.104156,-3.036598,3.246587
105,1.750000,261.242981,387.116272,-3.018266,3.264920
106,1.766667,261.816772,391.096802,-3.000020,3.283165
107,1.783333,262.206329,395.160828,-2.981533,3.301653
108,1.800000,263.098907,399.085938,-2.963304,3.319881
109,1.816667,263.881439,402.819305,-2.945997,3.337188
110,1.833333,264.760498,406.779449,-2.927584,3.355601
111,1.850000,265.014404,410.230316,-2.912065,3.371120
112,1.866667,266.219055,414.265594,-2.893006,3.390180
113,1.883333,267.175262,417.857605,-2.876152,3.407033
114,1.900000,268.173035,421.101349,-2.860766,3.422419
115,1.916667,269.189484,424.768951,-2.843509,3.439676
116,1.933333,270.669525,428.245178,-2.826442,3.456744
117,1.950000,271.830658,431.860992,-2.809196,3.473989
118,1.966667,272.732208,434.766083,-2.795398,3.487787
119,1.983333,274.282684,438.245636,-2.778135,3.505050
120,2.000000,275.130005,441.130005,-2.764533,3.518652
121,2.016667,276.635712,444.768097,-2.746663,3.536522
122,2.033333,277.784088,447.848297,-2.731763,3.551422
123,2.050000,279.223053,450.743958,-2.717107,3.566079
124,2.066667,280.770416,453.741089,-2.701808,3.581378
125,2.083333,282.318665,456.734650,-2.686504,3.596681
126,2.100000,283.810638,459.220337,-2.673366,3.609820
127,2.116667,285.150482,462.151428,-2.658727,3.624458
128,2.133333,286.664764,465.181427,-2.643339,3.639846
129,2.150000,288.261261,467.838837,-2.629259,3.653926
130,2.166667,289.887390,470.687408,-2.614349,3.668836
131,2.183333,291.177155,473.185608,-2.601594,3.681591
132,2.200000,292.656189,475.800507,-2.587958,3.695228
133,2.216667,294.277313,478.758575,-2.572677,3.710509
134,2.233333,296.202118,481.183380,-2.558687,3.724499
135,2.250000,297.739563,483.758820,-2.545085,3.738100
136,2.266667,299.858124,486.177887,-2.530574,3.752611
137,2.283333,301.180298,488.750092,-2.517570,3.765615
138,2.300000,303.182892,490.794464,-2.504706,3.778480
139,2.316667,304.827606,493.089539,-2.491872,3.791313
140,2.333333,306.798248,495.779358,-2.476723,3.806462
141,2.350000,308.764679,497.775055,-2.464056,3.819129
142,2.366667,310.206879,500.179443,-2.451442,3.831743
143,2.383333,312.206879,502.179443,-2.438639,3.844546
144,2.400000,314.291473,504.765198,-2.423548,3.859637
145,2.416667,316.291473,506.765198,-2.410713,3.872472
146,2.433333,318.177216,509.158325,-2.396896,3.886289
147,2.450000,320.177216,511.158325,-2.384049,3.899136
148,2.466667,322.202759,513.131836,-2.371198,3.911987
149,2.483333,324.202759,515.131836,-2.358335,3.924851
150,2.500000,326.223999,517.120300,-2.345438,3.937747
151,2.516667,328.202759,519.131836,-2.332610,3.950576
152,2.533333,330.762848,521.867859,-2.315617,3.967568
153,2.550000,332.762848,523.867859,-2.302788,3.980397
154,2.566667,335.164307,525.164307,-2.290712,3.992473
155,2.583333,337.164307,527.164307,-2.277876,4.005310
156,2.600000,339.769897,529.218750,-2.262789,4.020397
157,2.616667,342.190796,531.178467,-2.248616,4.034569
158,2.633333,344.190796,533.178467,-2.235838,4.047347
159,2.650000,346.799377,534.792786,-2.221964,4.061221
160,2.666667,349.125763,536.840149,-2.207912,4.075273
161,2.683333,351.876953,538.890869,-2.192317,4.090868
162,2.700000,354.309601,540.256470,-2.179699,4.103486
163,2.716667,356.780823,542.216309,-2.165387,4.117798
164,2.733333,359.826843,543.792725,-2.149874,4.133311
165,2.750000,362.240479,545.849121,-2.135577,4.147608
166,2.766667,364.848572,547.150513,-2.122381,4.160804
167,2.783333,367.774384,549.220825,-2.106122,4.177063
168,2.800000,370.767517,550.781677,-2.090789,4.192396
169,2.816667,373.839142,552.139160,-2.075573,4.207613
170,2.833333,376.186066,553.863525,-2.062439,4.220746
171,2.850000,379.196869,555.228394,-2.047426,4.235759
172,2.866667,382.264069,556.696106,-2.031951,4.251234
173,2.883333,385.875214,558.273804,-2.014017,4.269168
174,2.900000,388.811096,559.800720,-1.998959,4.284226
175,2.916667,391.841034,561.188171,-1.983787,4.299398
176,2.933333,395.236786,562.785706,-1.966718,4.316467
177,2.950000,398.750549,564.250427,-1.949399,4.333786
178,2.966667,402.210266,565.180054,-1.933182,4.350003
179,2.983333,405.196289,566.813110,-1.917854,4.365332
180,3.000000,409.191589,567.812195,-1.899191,4.383994
181,3.016667,412.826050,569.065613,-1.881683,4.401502
182,3.033333,416.330475,570.245178,-1.864852,4.418334
183,3.050000,419.789185,571.136353,-1.848597,4.434588
184,3.066667,423.860565,572.173462,-1.829461,4.453724
185,3.083333,427.811218,573.145508,-1.810923,4.472263
186,3.100000,431.847046,574.193604,-1.791930,4.491255
187,3.116667,435.192535,575.156799,-1.776117,4.507069
188,3.133333,439.855164,575.850464,-1.754680,4.528505
189,3.150000,443.880615,576.832520,-1.735858,4.547327
190,3.166667,447.765778,577.216248,-1.718118,4.565067
191,3.183333,452.198181,577.819092,-1.697747,4.585438
192,3.200000,456.412201,578.230286,-1.678465,4.604720
193,3.216667,460.779236,578.779236,-1.658426,4.624759
194,3.233333,465.210663,579.204041,-1.638163,4.645023
195,3.250000,469.814392,579.177124,-1.617235,4.665950
196,3.266667,474.309052,579.184753,-1.596755,4.686431
197,3.283333,478.835052,579.170593,-1.576112,4.707074
198,3.300000,483.205383,579.228149,-1.556176,4.727009
199,3.316667,488.316101,579.208313,-1.532878,4.750308
200,3.333333,492.825287,579.192688,-1.512351,4.770834
201,3.350000,497.863129,578.788391,-1.489331,4.793854
202,3.366667,502.257965,578.249451,-1.469164,4.814022
203,3.383333,507.201935,577.768250,-1.446528,4.836658
204,3.400000,512.252319,577.163635,-1.423358,4.859827
205,3.416667,517.199463,576.150024,-1.400366,4.882820
206,3.433333,522.243774,575.128845,-1.376898,4.906287
207,3.450000,527.199463,574.150024,-1.353861,4.929324
208,3.466667,532.156372,573.172546,-1.330843,4.952342
209,3.483333,537.174377,571.882263,-1.307233,4.975952
210,3.500000,542.224426,570.239563,-1.283042,5.000144
211,3.516667,547.817505,568.844116,-1.256811,5.026375
212,3.533333,552.770264,566.756165,-1.232375,5.050810
213,3.550000,557.833801,565.164612,-1.208198,5.074988
214,3.566667,562.806763,563.170593,-1.183779,5.099406
215,3.583333,568.292969,560.776123,-1.156492,5.126693
216,3.600000,573.145081,558.779358,-1.132595,5.150590
217,3.616667,578.220764,556.220764,-1.106699,5.176487
218,3.633333,583.215393,553.193604,-1.080119,5.203067
219,3.650000,588.755249,550.746765,-1.052611,5.230575
220,3.666667,593.767273,547.753418,-1.026021,5.257165
221,3.683333,598.720398,544.706238,-0.999533,5.283652
222,3.700000,603.193237,541.202698,-0.973712,5.309473
223,3.716667,608.317139,537.867126,-0.945838,5.337347
224,3.733333,613.089722,534.171265,-0.918312,5.364873
225,3.750000,617.792297,530.143005,-0.890071,5.393114
226,3.766667,622.731201,526.772766,-0.862920,5.420265
227,3.783333,627.099426,522.189636,-0.834149,5.449036
228,3.800000,631.762024,518.162354,-0.806046,5.477139
229,3.816667,636.212158,513.833191,-0.777725,5.505460
230,3.833333,640.737366,509.143005,-0.748000,5.535185
231,3.850000,644.745850,504.792175,-0.721024,5.562161
232,3.866667,649.175964,499.844879,-0.690765,5.592420
233,3.883333,653.131409,494.799316,-0.661552,5.621633
234,3.900000,656.756714,489.928009,-0.633875,5.649310
235,3.916667,660.733643,484.218628,-0.602153,5.681032
236,3.933333,664.268799,478.750092,-0.572456,5.710729
237,3.950000,667.828796,473.161835,-0.542236,5.740949
238,3.966667,671.202332,467.839508,-0.513534,5.769652
239,3.983333,674.201172,461.854614,-0.483039,5.800146
240,4.000000,677.173401,455.789978,-0.452236,5.830949
241,4.016667,680.177185,449.858673,-0.421935,5.861250
242,4.033333,682.754211,443.883209,-0.392277,5.890909
243,4.050000,685.128906,437.186890,-0.359897,5.923289
244,4.066667,687.789734,431.238586,-0.330282,5.952903
245,4.083333,689.868591,424.796539,-0.299463,5.983722
246,4.100000,691.890991,418.152008,-0.267848,6.015337
247,4.116667,693.136536,411.848480,-0.238629,6.044556
248,4.133333,694.636230,404.788147,-0.205718,6.077467
249,4.150000,696.231995,398.231995,-0.175001,6.108184
250,4.166667,697.193420,391.206818,-0.142705,6.140480
251,4.183333,698.260864,384.223816,-0.110533,6.172652
252,4.200000,698.807800,377.878967,-0.081530,6.201656
253,4.216667,699.161865,370.874512,-0.049578,6.233607
254,4.233333,699.135681,363.802704,-0.017351,6.265834
255,4.250000,699.115479,356.890259,0.014191,6.297377
256,4.266667,699.185974,349.833496,0.046350,6.329535
257,4.283333,698.790161,342.757141,0.078647,6.361833
258,4.300000,698.216858,335.881348,0.110079,6.393265
259,4.316667,697.086731,329.136871,0.141223,6.424408
260,4.333333,696.252258,322.187012,0.173106,6.456291
261,4.350000,695.174988,315.155212,0.205470,6.488655
262,4.366667,693.952087,308.790283,0.234932,6.518117
263,4.383333,691.877075,301.839447,0.267903,6.551088
264,4.400000,689.841003,295.188202,0.299567,6.582752
265,4.416667,687.867188,288.187592,0.332636,6.615821
266,4.433333,685.182617,281.802216,0.364119,6.647305
267,4.450000,682.792480,275.809113,0.393505,6.676690
268,4.466667,680.274536,269.158936,0.425829,6.709015
269,4.483333,677.100098,262.785004,0.458214,6.741399
270,4.500000,674.297302,256.738770,0.488498,6.771683
271,4.516667,670.717834,250.761459,0.520161,6.803346
272,4.533333,667.187622,244.789734,0.551724,6.834910
273,4.550000,663.939270,238.845352,0.582444,6.865629
274,4.566667,659.849304,233.204819,0.614079,6.897264
275,4.583333,655.856812,227.855560,0.644417,6.927602
276,4.600000,651.815247,222.247086,0.675807,6.958993
277,4.616667,647.243164,217.216507,0.706666,6.989851
278,4.633333,642.790161,212.242859,0.737028,7.020213
279,4.650000,638.161011,207.225693,0.768076,7.051261
280,4.666667,633.792358,202.183914,0.798310,7.081496
281,4.683333,628.709106,197.841507,0.828635,7.111821
282,4.700000,623.839172,193.193848,0.859197,7.142382
283,4.716667,618.825928,189.179779,0.888358,7.171543
284,4.733333,613.820251,185.208221,0.917387,7.200572
285,4.750000,608.171692,181.196548,0.948864,7.232049
286,4.766667,603.184387,177.177826,0.977876,7.261061
287,4.783333,597.815613,173.822174,1.006599,7.289784
288,4.800000,592.218323,170.827835,1.035386,7.318572
289,4.816667,586.870483,167.102081,1.064867,7.348053
290,4.833333,581.157043,164.225281,1.093877,7.377062
291,4.850000,575.106201,161.870255,1.123260,7.406446
292,4.866667,569.850830,158.846100,1.150709,7.433895
293,4.883333,564.200073,156.265915,1.178891,7.462076
294,4.900000,558.200073,154.265915,1.207560,7.490745
295,4.916667,552.781128,152.265915,1.233803,7.516989
296,4.933333,546.781128,150.265915,1.262538,7.545723
297,4.950000,541.217163,148.208603,1.289420,7.572606
298,4.966667,535.148865,146.826569,1.317642,7.600828
299,4.983333,529.814392,145.177155,1.342938,7.626123
300,5.000000,523.756836,143.764450,1.371135,7.654320
301,5.016667,518.300354,142.794846,1.396258,7.679443
302,5.033333,512.153320,141.845749,1.424462,7.707647
303,5.050000,506.853607,141.128967,1.448715,7.731900
304,5.066667,500.771362,140.743927,1.476343,7.759528
305,5.083333,495.208221,140.243912,1.501701,7.784887
306,5.100000,489.764893,139.735428,1.526493,7.809678
307,5.116667,484.184418,139.835373,1.551793,7.834978
308,5.133333,478.845428,139.826340,1.576040,7.859225
309,5.150000,473.175262,139.857590,1.601788,7.884973
310,5.166667,467.742554,139.744446,1.626390,7.909575
311,5.183333,462.642456,140.258514,1.649623,7.932809
312,5.200000,457.170624,140.799942,1.674571,7.957756
313,5.216667,452.214050,141.238281,1.697135,7.980320
314,5.233333,447.164307,141.835678,1.720184,8.003369
315,5.250000,442.237183,142.792023,1.742931,8.026117
316,5.266667,437.218048,143.793900,1.766149,8.049334
317,5.283333,432.267944,144.747238,1.789014,8.072199
318,5.300000,427.193268,145.797287,1.812504,8.095689
319,5.316667,422.772217,146.784485,1.833020,8.116205
320,5.333333,417.853668,148.202148,1.856208,8.139393
321,5.350000,413.211365,149.843216,1.878506,8.161691
322,5.366667,408.839417,151.127884,1.899153,8.182338
323,5.383333,404.717865,152.753876,1.919226,8.202411
324,5.400000,400.242432,154.264923,1.940629,8.223815
325,5.416667,396.225281,155.842972,1.960188,8.243374
326,5.433333,391.773254,157.812042,1.982250,8.265435
327,5.450000,387.833801,159.830048,2.002298,8.285483
328,5.466667,383.834747,161.155731,2.021255,8.304440
329,5.483333,379.854462,163.140762,2.041393,8.324578
330,5.500000,376.322205,165.154404,2.059795,8.342980
331,5.516667,372.239014,167.156372,2.080371,8.363556
332,5.533333,368.843628,169.172516,2.098246,8.381432
333,5.550000,365.171844,171.209473,2.117246,8.400431
334,5.566667,361.757751,173.753952,2.136463,8.419648
335,5.583333,358.290833,175.825241,2.154751,8.437936
336,5.600000,355.125702,178.130478,2.172482,8.455668
337,5.616667,351.774200,180.209717,2.190324,8.473510
338,5.633333,348.700226,182.727768,2.208298,8.491483
339,5.650000,345.844269,184.773865,2.224216,8.507402
340,5.666667,342.783020,187.151260,2.241780,8.524965
341,5.683333,339.811798,189.841034,2.259921,8.543107
342,5.700000,336.704559,191.780640,2.276356,8.559541
343,5.716667,334.190796,194.274994,2.292353,8.575539
344,5.733333,331.235718,196.744827,2.309786,8.592971
345,5.750000,328.854980,199.189575,2.325221,8.608406
346,5.766667,326.242462,201.877655,2.342200,8.625386
347,5.783333,323.831146,204.228271,2.357468,8.640653
348,5.800000,321.169342,206.745346,2.374060,8.657245
349,5.816667,318.831757,209.181702,2.389357,8.672542
350,5.833333,316.829254,211.830811,2.404341,8.687526
351,5.850000,314.378357,214.312576,2.420141,8.703326
352,5.866667,312.316101,216.717072,2.434502,8.717687
353,5.883333,310.268463,219.111755,2.448786,8.731972
354,5.900000,308.289551,221.831909,2.464018,8.747204
355,5.916667,306.361389,224.273743,2.478135,8.761321
356,5.933333,304.281769,226.751526,2.492796,8.775981
357,5.950000,302.270599,229.177338,2.507061,8.790247
358,5.966667,300.312744,231.786636,2.521840,8.805025
359,5.983333,298.580139,234.276077,2.535580,8.818766
360,6.000000,296.657440,236.728638,2.549662,8.832847
361,6.016667,295.170898,239.157730,2.562547,8.845732
362,6.033333,293.800140,241.824677,2.576070,8.859256
363,6.050000,291.859344,244.835693,2.592310,8.875496
364,6.066667,290.215118,247.158875,2.605173,8.888358
365,6.083333,288.687744,249.826630,2.619095,8.902281
366,6.100000,287.198364,252.218231,2.631844,8.915029
367,6.116667,285.906311,254.791397,2.644873,8.928058
368,6.133333,284.644226,257.800964,2.659602,8.942788
369,6.150000,283.111755,260.226654,2.672559,8.955744
370,6.166667,281.853516,262.734344,2.685270,8.968455
371,6.183333,280.627441,265.846252,2.700390,8.983576
372,6.200000,279.133850,268.236603,2.713066,8.996252
373,6.216667,278.262756,270.673645,2.724754,9.007940
374,6.233333,276.833191,273.825623,2.740437,9.023623
375,6.250000,275.849518,276.172150,2.751967,9.035152
376,6.266667,274.816772,278.789337,2.764716,9.047901
377,6.283333,273.818634,281.815765,2.779144,9.062329
378,6.300000,272.770264,284.243805,2.791118,9.074304
379,6.316667,271.849243,287.120544,2.804804,9.087989
380,6.333333,270.731262,290.310333,2.820128,9.103314
381,6.350000,269.927185,292.694519,2.831535,9.114720
382,6.366667,268.818329,295.848663,2.846678,9.129863
383,6.383333,268.245667,298.762848,2.860083,9.143268
384,6.400000,267.169525,301.230713,2.872174,9.155360
385,6.416667,266.795227,304.202881,2.885627,9.168812
386,6.433333,265.789062,307.271667,2.900239,9.183425
387,6.450000,265.165863,310.214447,2.913873,9.197058
388,6.466667,264.231842,313.150024,2.927780,9.210966
389,6.483333,263.900177,316.118835,2.941257,9.224442
390,6.500000,263.201569,319.188324,2.955523,9.238708
391,6.516667,262.747253,322.194214,2.969300,9.252486
392,6.533333,262.226990,325.843689,2.986016,9.269202
393,6.550000,261.848358,328.803741,2.999553,9.282738
394,6.566667,261.106262,331.865967,3.013765,9.296951
395,6.583333,260.680603,335.206726,3.029024,9.312209
396,6.600000,260.636230,338.211853,3.042593,9.325778
397,6.616667,260.168091,341.880157,3.059353,9.342538
398,6.633333,259.844269,344.779572,3.072568,9.355753
399,6.650000,259.801636,348.218231,3.088138,9.371324
400,6.666667,259.757324,351.764008,3.104215,9.387400
401,6.683333,259.824738,355.142395,3.119534,9.402719
402,6.700000,259.870453,358.813599,3.136203,9.419388
403,6.716667,259.819611,362.192688,-3.131634,9.434736
404,6.733333,259.812042,365.826233,-3.115139,9.451232
405,6.750000,259.802765,369.152100,-3.100053,9.466317
406,6.766667,259.848358,372.803741,-3.083499,9.482871
407,6.783333,260.363770,376.211853,-3.067914,9.498457
408,6.800000,260.340637,380.219879,-3.049800,9.516570
409,6.816667,260.742462,383.816681,-3.033393,9.532978
410,6.833333,261.245728,387.771027,-3.015317,9.551053
411,6.850000,261.815582,391.189117,-2.999606,9.566764
412,6.866667,262.194794,395.156128,-2.981562,9.584809
413,6.883333,263.259949,399.260284,-2.962396,9.603975
414,6.900000,263.875671,403.171204,-2.944436,9.621935
415,6.916667,264.746643,407.123810,-2.926070,9.640300
416,6.933333,265.881287,411.169312,-2.907016,9.659355
417,6.950000,266.740875,415.175629,-2.888419,9.677952
418,6.966667,267.904907,419.161530,-2.869568,9.696802
419,6.983333,268.789673,423.173035,-2.850962,9.715409
420,7.000000,270.234314,427.165253,-2.831716,9.734655
421,7.016667,271.857605,431.175262,-2.812103,9.754268
422,7.033333,273.156189,435.810638,-2.790285,9.776086
423,7.050000,274.868134,439.882355,-2.770241,9.796130
424,7.066667,276.247894,443.800507,-2.751394,9.814976
425,7.083333,278.288940,448.294647,-2.728991,9.837380
426,7.100000,280.282135,452.246124,-2.708902,9.857469
427,7.116667,282.367401,456.788391,-2.686187,9.880183
428,7.133333,284.343414,460.792572,-2.665898,9.900472
429,7.150000,286.367401,464.788391,-2.645553,9.920818
430,7.166667,288.805786,469.120544,-2.622972,9.943398
431,7.183333,291.142395,473.175262,-2.601716,9.964655
432,7.200000,293.722656,477.743530,-2.577913,9.988457
433,7.216667,296.652618,481.832520,-2.555098,10.011272
434,7.233333,299.810150,486.183228,-2.530679,10.035691
435,7.250000,302.308441,490.314117,-2.508818,10.057552
436,7.266667,305.810150,494.183228,-2.485208,10.081162
437,7.283333,308.636230,498.211853,-2.462876,10.103494
438,7.300000,312.174286,502.173950,-2.438754,10.127616
439,7.316667,315.792419,506.239563,-2.414008,10.152363
440,7.333333,319.113647,510.107941,-2.390839,10.175532
441,7.350000,323.138062,514.096985,-2.365086,10.201285
442,7.366667,327.138062,518.096985,-2.339361,10.227010
443,7.383333,331.117706,521.848267,-2.314491,10.251879
444,7.400000,335.117706,525.848267,-2.288823,10.277547
445,7.416667,339.819000,529.197998,-2.262677,10.303694
446,7.433333,344.372101,532.811584,-2.236219,10.330151
447,7.450000,348.717865,536.238525,-2.211033,10.355338
448,7.466667,353.139709,539.857483,-2.185096,10.381275
449,7.483333,358.221069,543.141479,-2.157606,10.408765
450,7.500000,363.183441,546.153687,-2.131211,10.435160
451,7.516667,368.124512,549.137817,-2.104944,10.461426
452,7.533333,373.846985,552.162415,-2.075490,10.490880
453,7.550000,378.833191,555.165894,-2.049026,10.517344
454,7.566667,384.297302,557.793701,-2.021442,10.544929
455,7.583333,389.821838,560.204590,-1.994008,10.572363
456,7.600000,395.856781,562.775574,-1.964130,10.602240
457,7.616667,401.175262,565.142395,-1.937647,10.628724
458,7.633333,407.177521,567.194214,-1.908780,10.657591
459,7.650000,413.177521,569.194214,-1.879980,10.686390
460,7.666667,419.193787,571.148315,-1.851188,10.715182
461,7.683333,425.784088,572.761414,-1.820307,10.746064
462,7.700000,431.818237,574.283752,-1.791968,10.774402
463,7.716667,438.193848,575.765930,-1.762182,10.804189
464,7.733333,444.763794,576.743958,-1.731957,10.834414
465,7.750000,451.195892,577.772217,-1.702300,10.864070
466,7.766667,457.814545,578.162720,-1.672140,10.894230
467,7.783333,464.205536,578.769897,-1.642868,10.923503
468,7.800000,470.707977,579.165527,-1.613168,10.953202
469,7.816667,477.240356,579.240356,-1.583383,10.982988
470,7.833333,484.117157,579.114258,-1.552009,11.014362
471,7.850000,490.855835,579.127136,-1.521296,11.045075
472,7.866667,497.880646,578.752441,-1.489238,11.077132
473,7.883333,504.243774,578.214417,-1.460149,11.106221
474,7.900000,511.204803,577.188660,-1.428097,11.138274
475,7.916667,517.836365,576.211060,-1.397553,11.168817
476,7.933333,524.219727,574.782166,-1.367752,11.198619
477,7.950000,531.198730,573.164612,-1.335077,11.231293
478,7.966667,537.816772,571.821533,-1.304337,11.262034
479,7.983333,544.245178,569.842041,-1.273698,11.292673
480,8.000000,551.170593,567.786621,-1.240803,11.325568
481,8.016667,557.887756,565.175659,-1.207986,11.358385
482,8.033333,563.781860,562.801086,-1.179028,11.387342
483,8.050000,570.192749,559.896973,-1.146948,11.419423
484,8.066667,576.723511,556.808838,-1.114005,11.452366
485,8.083333,582.736816,553.869202,-1.083494,11.482877
486,8.100000,588.684692,550.212952,-1.051684,11.514687
487,8.116667,594.723511,546.808838,-1.020057,11.546313
488,8.133333,600.787048,543.161499,-0.987802,11.578569
489,8.150000,606.261292,539.136169,-0.956833,11.609537
490,8.166667,612.226562,535.177917,-0.924222,11.642149
491,8.183333,617.891296,530.769958,-0.891518,11.674852
492,8.200000,622.740540,526.301331,-0.861489,11.704881
493,8.216667,628.207275,521.806030,-0.829235,11.737135
494,8.233333,633.143616,516.788696,-0.797159,11.769212
495,8.250000,638.148743,511.800507,-0.764919,11.801451
496,8.266667,642.782715,506.787445,-0.733775,11.832596
497,8.283333,647.188171,501.841034,-0.703560,11.862811
498,8.300000,651.918396,496.285675,-0.670295,11.896075
499,8.316667,655.865295,490.765198,-0.639362,11.927008
500,8.333333,659.816101,485.165863,-0.608088,11.958282
501,8.350000,663.805237,479.847626,-0.577805,11.988565
502,8.366667,667.150085,473.867859,-0.546595,12.019775
503,8.383333,670.725952,467.868805,-0.514718,12.051652
504,8.400000,674.212952,461.908386,-0.483231,12.083139
505,8.416667,677.120300,455.867432,-0.452660,12.113711
506,8.433333,680.272217,449.934357,-0.422072,12.144298
507,8.450000,682.689209,443.883301,-0.392390,12.173980
508,8.466667,685.215515,437.214569,-0.359876,12.206495
509,8.483333,687.812500,431.156494,-0.329895,12.236476
510,8.500000,689.797119,424.804626,-0.299594,12.266776
511,8.516667,691.142944,418.780701,-0.271518,12.294853
512,8.533333,693.142700,412.250397,-0.240402,12.325969
513,8.550000,694.692139,405.810242,-0.210224,12.356147
514,8.566667,695.850464,399.149841,-0.179424,12.386946
515,8.583333,696.743896,392.765808,-0.150037,12.416334
516,8.600000,697.823608,386.757263,-0.122227,12.444144
517,8.616667,698.646973,380.234192,-0.092280,12.474091
518,8.633333,699.151733,373.835052,-0.063046,12.503324
519,8.650000,699.151733,367.835052,-0.035737,12.530634
520,8.666667,699.241333,361.258514,-0.005740,12.560630
521,8.683333,699.263794,355.249451,0.021663,12.588033
522,8.700000,699.149170,348.846100,0.050853,12.617223
523,8.716667,698.852234,342.749115,0.078662,12.645032
524,8.733333,698.247559,336.789337,0.105952,12.672323
525,8.750000,697.839172,330.867615,0.132945,12.699315
526,8.766667,696.654968,324.782837,0.161140,12.727511
527,8.783333,695.856812,318.821899,0.188501,12.754872
528,8.800000,694.819275,312.800323,0.216281,12.782652
529,8.816667,693.164917,307.163055,0.242972,12.809342
530,8.833333,691.854614,301.876373,0.267768,12.834138
531,8.850000,690.195129,296.223480,0.294588,12.860958
532,8.866667,688.247559,290.800690,0.320814,12.887185
533,8.883333,686.767883,285.252747,0.346886,12.913256
534,8.900000,684.719543,280.374115,0.370945,12.937316
535,8.916667,682.623840,274.775757,0.398141,12.964511
536,8.933333,680.281189,269.773773,0.423268,12.989638
537,8.950000,678.222412,264.798431,0.447745,13.014115
538,8.966667,675.759644,259.759644,0.473248,13.039618
539,8.983333,673.137024,255.199127,0.497163,13.063534
540,9.000000,670.645630,250.717072,0.520500,13.086870
541,9.016667,668.228210,246.190430,0.543821,13.110192
542,9.033333,665.193237,241.797287,0.568083,13.134453
543,9.050000,662.203674,237.250870,0.592850,13.159221
544,9.066667,659.835693,233.164322,0.614265,13.180636
545,9.083333,656.805237,229.156143,0.637099,13.203470
546,9.100000,653.791626,225.181931,0.659776,13.226146
547,9.116667,650.659363,221.130936,0.683051,13.249422
548,9.133333,647.835693,217.835678,0.702776,13.269146
549,9.150000,644.194946,213.793686,0.727510,13.293881
550,9.166667,641.129333,210.225616,0.748892,13.315263
551,9.183333,638.221985,206.712708,0.769558,13.335929
552,9.200000,634.707642,203.863892,0.789994,13.356364
553,9.216667,631.862549,200.217148,0.810807,13.377178
554,9.233333,628.163635,197.195892,0.832444,13.398814
555,9.250000,624.762817,194.207977,0.853010,13.419381
556,9.266667,621.759094,191.833023,0.870400,13.436771
557,9.283333,618.256042,188.771362,0.891538,13.457909
558,9.300000,614.641785,186.283249,0.911446,13.477816
559,9.316667,611.139465,183.173431,0.932675,13.499046
560,9.333333,608.206482,180.733078,0.949961,13.516332
561,9.350000,604.723755,178.746323,0.968090,13.534461
562,9.366667,601.174377,176.225372,0.987866,13.554237
563,9.383333,597.830994,174.201004,1.005619,13.571990
564,9.400000,594.154602,171.870224,1.025402,13.591772
565,9.416667,591.155762,169.786499,1.041946,13.608317
566,9.433333,587.835693,167.835678,1.059422,13.625793
567,9.450000,584.244751,166.217407,1.077254,13.643625
568,9.466667,580.755249,164.253220,1.095440,13.661811
569,9.483333,577.831909,162.804474,1.110261,13.676631
570,9.500000,574.284546,160.741135,1.128837,13.695208
571,9.516667,570.774109,159.168396,1.146288,13.712658
572,9.533333,567.830017,157.833801,1.160953,13.727324
573,9.550000,564.228638,156.743927,1.177941,13.744312
574,9.566667,561.153625,155.187592,1.193541,13.759911
575,9.583333,557.876587,153.846390,1.209608,13.775979
576,9.600000,554.305664,152.754364,1.226535,13.792905
577,9.616667,551.168701,151.818924,1.241392,13.807762
578,9.633333,548.316162,150.322830,1.255827,13.822197
579,9.650000,544.796204,149.179367,1.272608,13.838979
580,9.666667,541.802612,148.232422,1.286841,13.853212
581,9.683333,538.166809,147.825623,1.303224,13.869595
582,9.700000,535.126953,146.794235,1.317775,13.884146
583,9.716667,532.302307,145.859772,1.331243,13.897614
584,9.733333,529.156494,145.187485,1.345835,13.912206
585,9.750000,525.823730,144.208374,1.361553,13.927923
586,9.766667,522.814514,143.920654,1.375187,13.941558
587,9.783333,519.845093,143.169647,1.389062,13.955433
588,9.800000,516.738770,142.795410,1.403239,13.969609
589,9.816667,513.871155,142.257050,1.416477,13.982848
590,9.833333,510.814545,141.920654,1.430426,13.996797
591,9.850000,507.846985,141.169647,1.444223,14.010593
592,9.866667,504.738739,140.795410,1.458415,14.024786
593,9.883333,501.914062,140.817383,1.471147,14.037517
594,9.900000,498.758606,140.209167,1.485655,14.052026
595,9.916667,495.839783,140.218765,1.498850,14.065221
596,9.933333,492.857147,139.896194,1.512449,14.078819
597,9.950000,489.819000,139.864334,1.526222,14.092592
598,9.966667,486.857147,139.896194,1.539652,14.106023
599,9.983333,483.867859,139.849884,1.553229,14.119600
600,10.000000,480.862610,139.872131,1.566878,14.133248
601,10.016667,477.867859,139.849884,1.580481,14.146852
602,10.033333,474.862610,139.872131,1.594130,14.160501
603,10.050000,472.198151,139.833176,1.606218,14.172588
604,10.066667,469.230804,139.752060,1.619653,14.186024
605,10.083333,466.295044,139.835724,1.632965,14.199335
606,10.100000,463.090302,140.122620,1.647550,14.213921
607,10.116667,460.228729,140.207031,1.660509,14.226880
608,10.133333,457.114716,140.821228,1.674833,14.241204
609,10.150000,454.271210,140.769470,1.687621,14.253992
610,10.166667,451.191162,141.264771,1.701749,14.268120
611,10.183333,448.782318,141.842972,1.712929,14.279299
612,10.200000,445.820831,142.235199,1.726481,14.292851
613,10.216667,442.768005,142.768021,1.740540,14.306910
614,10.233333,439.802948,143.157074,1.754090,14.320460
615,10.250000,436.796356,143.902115,1.768121,14.334492
616,10.266667,433.820831,144.235199,1.781641,14.348011
617,10.283333,430.763245,144.814041,1.795734,14.362105
618,10.300000,427.841614,145.859467,1.809715,14.376086
619,10.316667,424.743927,146.228638,1.823742,14.390113
620,10.333333,421.785156,147.231598,1.837867,14.404237
621,10.350000,418.768005,148.231979,1.852266,14.418637
622,10.366667,415.240356,149.240356,1.868907,14.435278
623,10.383333,412.334930,149.823685,1.882262,14.448633
624,10.400000,409.115753,150.749130,1.897416,14.463787
625,10.416667,406.277405,152.260345,1.911812,14.478182
626,10.433333,403.202698,153.193268,1.926362,14.492732
627,10.450000,399.874969,154.196259,1.942068,14.508439
628,10.466667,396.743713,155.859924,1.958042,14.524413
629,10.483333,393.909698,156.877380,1.971679,14.538050
630,10.500000,390.226410,158.267792,1.989496,14.555867
631,10.516667,387.273560,159.790955,2.004530,14.570901
632,10.533333,384.222534,161.137558,2.019638,14.586008
633,10.550000,380.801636,162.793121,2.036854,14.603225
634,10.566667,377.874725,164.201401,2.051561,14.617932
635,10.583333,374.197784,166.218643,2.070554,14.636924
636,10.600000,371.199127,167.862961,2.086043,14.652413
637,10.616667,368.146118,169.917450,2.102679,14.669050
638,10.633333,364.803741,171.857864,2.120199,14.686569
639,10.650000,361.867920,173.810638,2.136179,14.702549
640,10.666667,358.169983,175.865021,2.155307,14.721677
641,10.683333,355.211212,178.182877,2.172297,14.738668
642,10.700000,351.835724,180.195847,2.190061,14.756431
643,10.716667,348.756714,182.773773,2.208216,14.774587
644,10.733333,345.226746,185.187958,2.227578,14.793949
645,10.750000,342.207855,187.852829,2.245801,14.812171
646,10.766667,338.771271,190.197617,2.264584,14.830955
647,10.783333,335.792725,193.173141,2.283598,14.849969
648,10.800000,332.238586,195.860229,2.303731,14.870102
649,10.816667,329.096924,198.869080,2.323428,14.889799
650,10.833333,326.266357,201.903778,2.342205,14.908576
651,10.850000,322.790131,204.757141,2.362490,14.928860
652,10.866667,319.819214,208.231018,2.383153,14.949524
653,10.883333,316.849823,211.872620,2.404419,14.970789
654,10.900000,313.885406,214.817978,2.423337,14.989707
655,10.916667,310.712738,218.267365,2.444558,15.010929
656,10.933333,307.794464,222.220642,2.466799,15.033169
657,10.950000,304.893951,225.890152,2.488007,15.054378
658,10.966667,301.772400,229.803741,2.510685,15.077056
659,10.983333,299.158966,233.811813,2.532355,15.098725
660,11.000000,296.183228,237.810150,2.554927,15.121298
661,11.016667,293.877075,241.839447,2.575940,15.142311
662,11.033333,290.752930,246.338089,2.600732,15.167102
663,11.050000,288.298248,250.750565,2.623605,15.189976
664,11.066667,285.854492,255.171844,2.646501,15.212872
665,11.083333,283.257446,259.744446,2.670313,15.236683
666,11.100000,281.120300,264.229492,2.692814,15.259184
667,11.116667,278.717194,269.169373,2.717692,15.284063
668,11.133333,276.780823,274.220123,2.742176,15.308547
669,11.150000,274.738220,279.179169,2.766490,15.332861
670,11.166667,272.666992,284.258453,2.791341,15.357712
671,11.183333,270.696808,289.862366,2.818252,15.384623
672,11.200000,269.187836,294.823456,2.841745,15.408116
673,11.216667,267.876617,300.164948,2.866659,15.433030
674,11.233333,266.234802,305.765198,2.893123,15.459494
675,11.250000,264.729767,311.116638,2.918300,15.484671
676,11.266667,263.823730,316.791626,2.944317,15.510687
677,11.283333,262.655548,322.802979,2.972092,15.538462
678,11.300000,261.848358,328.782837,2.999459,15.565830
679,11.316667,260.781891,334.217163,3.024518,15.590888
680,11.333333,260.188904,340.161469,3.051584,15.617954
681,11.350000,259.843811,346.153320,3.078781,15.645151
682,11.366667,259.841919,352.138092,3.105898,15.672268
683,11.383333,259.868500,358.715698,3.135758,15.702129
684,11.400000,259.868500,364.715698,-3.120174,15.729382
685,11.416667,259.872589,370.740082,-3.092841,15.756715
686,11.433333,260.233917,377.265594,-3.063190,15.786366
687,11.450000,260.853333,383.126678,-3.036451,15.813105
688,11.466667,261.818329,389.822113,-3.005750,15.843806
689,11.483333,262.753418,396.207672,-2.976444,15.873112
690,11.500000,263.847046,402.144440,-2.949033,15.900523
691,11.516667,265.151917,408.781464,-2.918327,15.931229
692,11.533333,266.804260,414.776947,-2.890100,15.959456
693,11.550000,268.261780,421.108887,-2.860622,15.988934
694,11.566667,270.268005,427.132904,-2.831809,16.017747
695,11.583333,272.165710,433.839966,-2.800219,16.049337
696,11.600000,274.857544,439.858521,-2.770359,16.079197
697,11.616667,277.060242,446.219879,-2.739845,16.109711
698,11.633333,279.853943,452.183807,-2.709973,16.139583
699,11.650000,282.745819,458.258942,-2.679439,16.170117
700,11.666667,286.326294,464.403839,-2.647179,16.202377
701,11.683333,289.112823,470.348358,-2.617446,16.232110
702,11.700000,292.838104,475.846680,-2.587345,16.262211
703,11.716667,296.191528,481.897705,-2.556009,16.293547
704,11.733333,300.240417,487.240417,-2.525627,16.323929
705,11.750000,304.242310,492.778625,-2.494604,16.354952
706,11.766667,308.645050,498.302826,-2.462529,16.387026
707,11.783333,313.195526,503.130249,-2.432431,16.417125
708,11.800000,317.931549,508.850677,-2.398681,16.450875
709,11.816667,322.083160,513.781799,-2.369460,16.480096
710,11.833333,327.179504,518.159546,-2.339028,16.510528
711,11.850000,332.219177,523.183044,-2.306704,16.542852
712,11.866667,337.744965,527.732666,-2.274190,16.575366
713,11.883333,343.136963,532.208435,-2.242329,16.607227
714,11.900000,348.785553,536.224854,-2.210823,16.638733
715,11.916667,354.311859,540.216736,-2.179794,16.669762
716,11.933333,360.256073,544.228638,-2.147154,16.702402
717,11.950000,365.792572,547.807678,-2.117157,16.732399
718,11.966667,371.797302,551.193237,-2.085790,16.763766
719,11.983333,378.301117,554.807251,-2.051927,16.797629
720,12.000000,384.170807,557.907471,-2.021734,16.827822
721,12.016667,390.704376,560.675171,-1.989464,16.860092
722,12.033333,397.238922,563.308289,-1.957384,16.892172
723,12.050000,403.808990,565.825012,-1.925329,16.924227
724,12.066667,410.266907,568.206482,-1.893977,16.955579
725,12.083333,416.689941,570.298584,-1.863215,16.986341
726,12.100000,423.190216,572.205383,-1.832374,17.017182
727,12.116667,430.236603,573.852844,-1.799427,17.050129
728,12.133333,436.792572,575.130005,-1.769003,17.080553
729,12.150000,443.874969,576.803711,-1.735905,17.113651
730,12.166667,450.249908,577.805603,-1.706546,17.143010
731,12.183333,457.198792,578.180542,-1.674924,17.174631
732,12.200000,463.808990,578.742371,-1.644680,17.204876
733,12.216667,470.639191,579.148682,-1.613485,17.236071
734,12.233333,477.186310,579.155212,-1.583634,17.265921
735,12.250000,484.197113,579.137451,-1.551646,17.297910
736,12.266667,490.691772,579.134094,-1.522044,17.327512
737,12.283333,497.778412,578.789734,-1.489716,17.359839
738,12.300000,504.195160,578.223511,-1.460374,17.389182
739,12.316667,510.778503,577.175964,-1.430012,17.419544
740,12.333333,517.164307,576.171204,-1.400540,17.449016
741,12.350000,523.835693,575.153015,-1.369805,17.479751
742,12.366667,530.255615,573.740601,-1.339867,17.509689
743,12.383333,536.335876,572.266479,-1.311375,17.538181
744,12.400000,542.784912,570.218872,-1.280565,17.568991
745,12.416667,548.772339,568.230530,-1.251805,17.597751
746,12.433333,554.772339,566.238098,-1.222982,17.626574
747,12.450000,560.862671,563.849426,-1.193157,17.656399
748,12.466667,566.268799,561.723633,-1.166676,17.682880
749,12.483333,572.175293,559.154541,-1.137322,17.712234
750,12.500000,577.856750,556.262817,-1.108269,17.741287
751,12.516667,583.127625,553.155823,-1.080391,17.769165
752,12.533333,588.718506,550.751465,-1.052767,17.796789
753,12.550000,593.676575,547.206848,-1.025082,17.824474
754,12.566667,599.143494,544.218201,-0.996708,17.852848
755,12.583333,603.843872,540.805237,-0.970238,17.879318
756,12.600000,608.753418,537.149170,-0.942304,17.907252
757,12.616667,613.835693,533.835693,-0.914682,17.934874
758,12.633333,618.271179,530.230530,-0.888625,17.960931
759,12.650000,622.732178,526.766052,-0.862897,17.986659
760,12.666667,626.732178,522.773621,-0.837181,18.012375
761,12.683333,631.179749,518.850525,-0.810135,18.039421
762,12.700000,635.157654,514.860291,-0.784439,18.065117
763,12.716667,639.141479,510.778931,-0.758422,18.091134
764,12.733333,642.804871,506.776520,-0.733670,18.115886
765,12.750000,646.311096,502.769623,-0.709379,18.140177
766,12.766667,649.834412,498.739655,-0.684968,18.164588
767,12.783333,653.177795,494.252289,-0.659453,18.190103
768,12.800000,656.408813,490.303589,-0.636195,18.213361
769,12.816667,659.822449,485.806366,-0.610467,18.239089
770,12.833333,662.180969,481.860565,-0.589546,18.260010
771,12.850000,665.181824,477.135834,-0.564007,18.285549
772,12.866667,667.835999,472.828461,-0.540916,18.308640
773,12.883333,670.734070,468.769836,-0.518272,18.331284
774,12.900000,672.761902,464.263641,-0.495825,18.353731
775,12.916667,675.119141,459.827789,-0.472904,18.376652
776,12.933333,677.201111,455.800842,-0.452225,18.397330
777,12.950000,679.160522,451.122925,-0.429102,18.420454
778,12.966667,681.162720,446.825897,-0.407465,18.442091
779,12.983333,683.164001,442.246582,-0.384662,18.464894
780,13.000000,684.788269,438.222107,-0.364864,18.484692
781,13.016667,686.802002,433.798248,-0.342768,18.506788
782,13.033333,688.211670,429.897522,-0.323883,18.525673
783,13.050000,689.164307,425.164307,-0.302016,18.547540
784,13.066667,690.751953,420.761444,-0.280696,18.568860
785,13.083333,691.879089,416.815125,-0.261986,18.587570
786,13.100000,693.136841,412.788391,-0.242788,18.606768
787,13.116667,693.892822,408.246124,-0.221849,18.627706
788,13.133333,694.687866,404.273438,-0.203371,18.646185
789,13.150000,695.842041,400.300171,-0.184586,18.664970
790,13.166667,696.283203,396.287018,-0.166227,18.683329
791,13.183333,697.171570,392.237427,-0.147366,18.702190
792,13.200000,697.869324,388.195038,-0.128697,18.720859
793,13.216667,698.244263,384.232849,-0.110582,18.738973
794,13.233333,698.739624,380.252777,-0.092325,18.757231
795,13.250000,698.739624,376.252777,-0.074166,18.775390
796,13.266667,699.132812,372.812408,-0.058402,18.791154
797,13.283333,699.154846,368.802582,-0.040144,18.809411
798,13.300000,699.233337,365.234314,-0.023871,18.825685
799,13.316667,699.233337,361.234314,-0.005630,18.843926
800,13.333333,699.164307,357.835693,0.009875,18.859431
801,13.350000,699.138611,354.216614,0.026385,18.875941
802,13.366667,699.138611,350.216614,0.044615,18.894171
803,13.383333,699.141357,346.822784,0.060059,18.909615
804,13.400000,698.828430,343.164001,0.076786,18.926342
805,13.416667,698.795227,339.800873,0.092059,18.941615
806,13.433333,698.318787,336.722229,0.106222,18.955777
807,13.450000,697.882263,333.151703,0.122606,18.972162
808,13.466667,697.164307,329.835693,0.138018,18.987574
809,13.483333,697.123413,326.808624,0.151694,19.001250
810,13.500000,696.799927,323.170624,0.168271,19.017827
811,13.516667,695.835388,320.184418,0.182421,19.031977
812,13.533333,695.095215,316.794067,0.198231,19.047787
813,13.550000,694.805237,313.843872,0.211656,19.061212
814,13.566667,694.328247,310.838257,0.225476,19.075032
815,13.583333,693.297852,307.720215,0.240364,19.089920
816,13.600000,692.779236,304.779236,0.253920,19.103476
817,13.616667,691.812500,301.843506,0.267963,19.117519
818,13.633333,690.779236,298.779236,0.282672,19.132228
819,13.650000,690.198547,295.853271,0.296195,19.145751
820,13.666667,689.078857,292.820282,0.310893,19.160449
821,13.683333,688.208374,289.831299,0.325058,19.174614
822,13.700000,687.200439,287.193848,0.337904,19.187460
823,13.716667,686.263062,284.263062,0.351903,19.201459
824,13.733333,685.164307,281.835693,0.364007,19.213562
825,13.750000,684.270325,278.713196,0.378727,19.228283
826,13.766667,683.108459,276.148010,0.391529,19.241085
827,13.783333,681.826843,273.207275,0.406128,19.255684
828,13.800000,680.756165,270.789032,0.418166,19.267722
829,13.816667,679.858948,267.842926,0.432055,19.281611
830,13.833333,678.246582,265.190338,0.446089,19.295645
831,13.850000,677.087524,262.818054,0.458105,19.307661
832,13.866667,675.746826,259.738312,0.473361,19.322916
833,13.883333,674.242798,257.192261,0.486792,19.336348
834,13.900000,672.670166,254.758118,0.499943,19.349499
835,13.916667,671.828735,252.303955,0.511567,19.361123
836,13.933333,670.126160,249.925995,0.524800,19.374355
837,13.950000,668.787292,247.224945,0.538480,19.388036
838,13.966667,667.153320,244.838089,0.551619,19.401175
839,13.983333,665.781128,242.232040,0.564979,19.414535
840,14.000000,663.833191,239.859619,0.578852,19.428408
841,14.016667,662.267395,237.171875,0.592987,19.442542
842,14.033333,660.684570,234.762131,0.606100,19.455656
843,14.050000,658.648560,232.299011,0.620601,19.470157
844,14.066667,657.208374,229.818069,0.633589,19.483145
845,14.083333,655.129944,227.180161,0.648860,19.498416
846,14.100000,653.177002,224.798859,0.662868,19.512424
847,14.116667,651.113403,222.217697,0.677910,19.527466
848,14.133333,649.144836,219.850449,0.691925,19.541481
849,14.150000,647.214417,217.198364,0.706814,19.556369
850,14.166667,645.162048,214.757401,0.721314,19.570869
851,14.183333,643.157898,212.781693,0.734088,19.583643
852,14.200000,641.054749,210.223175,0.749131,19.598687
853,14.216667,638.768616,207.815125,0.764229,19.613784
854,14.233333,636.752014,205.133392,0.779348,19.628904
855,14.250000,634.158386,203.127869,0.794123,19.643679
856,14.266667,631.898865,200.884995,0.808596,19.658152
857,14.283333,629.164001,198.171539,0.826098,19.675654
858,14.300000,626.744385,196.168411,0.840361,19.689916
859,14.316667,624.212158,193.833176,0.856016,19.705571
860,14.333333,621.855164,191.149551,0.872064,19.721620
861,14.350000,618.811707,189.144714,0.888509,19.738065
862,14.366667,615.914856,186.869583,0.905242,19.754798
863,14.383333,613.200317,184.869812,0.920559,19.770115
864,14.400000,610.209839,182.757141,0.937198,19.786754
865,14.416667,607.166382,180.236221,0.955116,19.804672
866,14.433333,604.287231,178.267365,0.970957,19.820513
867,14.450000,600.767090,176.240479,0.989375,19.838931
868,14.466667,597.768433,173.748657,1.006958,19.856514
869,14.483333,594.224854,171.863129,1.025146,19.874701
870,14.500000,591.188171,169.841034,1.041694,19.891250
871,14.516667,587.781250,167.769913,1.059784,19.909340
872,14.533333,584.186096,165.844467,1.078290,19.927846
873,14.550000,580.322266,164.213501,1.097273,19.946829
874,14.566667,576.731750,162.238998,1.115879,19.965435
875,14.583333,572.761353,160.218063,1.136104,19.985660
876,14.600000,569.164429,158.762497,1.153711,20.003267
877,14.616667,565.171448,156.863815,1.173778,20.023334
878,14.633333,561.170593,155.205322,1.193440,20.042995
879,14.650000,557.188171,153.841034,1.212542,20.062098
880,14.666667,552.745911,152.291031,1.233917,20.083473
881,14.683333,548.756165,150.770264,1.253298,20.102854
882,14.700000,544.283875,149.189026,1.274817,20.124373
883,14.716667,539.804626,147.864853,1.296010,20.145566
884,14.733333,535.158020,146.867416,1.317556,20.167112
885,14.750000,530.804504,145.879211,1.337834,20.187390
886,14.766667,526.291870,144.236252,1.359451,20.209007
887,14.783333,521.197449,143.169006,1.383036,20.232592
888,14.800000,516.231995,142.768021,1.405528,20.255084
889,14.816667,511.811798,141.841034,1.425998,20.275553
890,14.833333,506.704712,141.190613,1.449351,20.298907
891,14.850000,501.856232,140.780411,1.471425,20.320980
892,14.866667,496.353027,140.234192,1.496522,20.346078
893,14.883333,491.166809,139.859619,1.520114,20.369670
894,14.900000,486.204590,139.821838,1.542624,20.392180
895,14.916667,480.825897,139.837280,1.567045,20.416601
896,14.933333,475.170898,139.842270,1.592728,20.442283
897,14.950000,470.347382,139.832535,1.614610,20.464166
898,14.966667,464.775055,140.244736,1.639967,20.489523
899,14.983333,459.172485,140.161163,1.665254,20.514810
900,15.000000,453.786896,141.218445,1.690042,20.539598
901,15.016667,448.347382,141.832535,1.714875,20.564431
902,15.033333,442.358063,142.790039,1.742390,20.591946
903,15.050000,436.765686,143.842316,1.768204,20.617760
904,15.066667,431.128632,144.798798,1.794105,20.643661
905,15.083333,425.770050,146.123367,1.819120,20.668676
906,15.100000,419.841614,147.859467,1.847120,20.696676
907,15.116667,414.231049,149.108276,1.873099,20.722655
908,15.133333,408.824493,151.165085,1.899271,20.748827
909,15.150000,402.779358,153.205536,1.928179,20.777735
910,15.166667,397.259857,155.232422,1.954805,20.804361
911,15.183333,391.835693,157.835678,1.982033,20.831589
912,15.200000,386.283112,160.300156,2.009574,20.859130
913,15.216667,380.302948,163.100769,2.039499,20.889055
914,15.233333,374.816864,165.865784,2.067327,20.916883
915,15.250000,369.160828,168.867615,2.096311,20.945867
916,15.266667,364.281494,172.248505,2.123143,20.972699
917,15.283333,358.824310,175.791275,2.152647,21.002203
918,15.300000,353.203644,179.156433,2.182286,21.031842
919,15.316667,348.242859,182.790131,2.210130,21.059686
920,15.333333,343.174835,186.872635,2.239604,21.089160
921,15.350000,338.231995,191.186661,2.269334,21.118890
922,15.366667,333.246582,195.215118,2.298380,21.147936
923,15.383333,328.214294,199.815125,2.329278,21.178834
924,15.400000,323.851593,204.229050,2.357405,21.206961
925,15.416667,318.810730,209.166504,2.389371,21.238927
926,15.433333,314.270325,214.278885,2.420349,21.269905
927,15.450000,310.236115,219.107010,2.448863,21.298419
928,15.466667,305.899811,224.300888,2.479520,21.329076
929,15.483333,301.841034,229.811813,2.510531,21.360087
930,15.500000,297.842285,235.170898,2.540814,21.390370
931,15.516667,294.242859,240.790131,2.571038,21.420594
932,15.533333,290.755249,246.782593,2.602454,21.452010
933,15.550000,287.215912,252.833176,2.634238,21.483794
934,15.566667,283.945831,258.835541,2.665225,21.514781
935,15.583333,280.797485,264.807831,2.695808,21.545364
936,15.600000,278.283112,271.161774,2.726742,21.576298
937,15.616667,275.171844,277.790527,2.759916,21.609472
938,15.633333,272.669525,284.245178,2.791281,21.640837
939,15.650000,270.735870,290.745026,2.821993,21.671549
940,15.666667,268.787811,297.200439,2.852588,21.702144
941,15.683333,266.816528,303.853271,2.884068,21.733624
942,15.700000,264.727966,310.807892,2.916939,21.766494
943,15.716667,263.813690,317.155212,2.945943,21.795499
944,15.733333,262.276978,324.257050,2.978877,21.828433
945,15.750000,261.265137,331.243683,3.010876,21.860432
946,15.766667,260.774628,338.314148,3.042993,21.892549
947,15.783333,259.835693,345.164307,3.074310,21.923866
948,15.800000,259.823395,352.185120,3.106114,21.955670
949,15.816667,259.857330,358.825348,3.136257,21.985813
950,15.833333,259.860565,365.826569,-3.115131,22.017610
951,15.850000,259.835388,372.815582,-3.083449,22.049292
952,15.866667,260.172394,379.883820,-3.051386,22.081355
953,15.883333,261.151123,386.843811,-3.019543,22.113198
954,15.900000,262.193634,393.847046,-2.987426,22.145315
955,15.916667,263.142212,400.215393,-2.958230,22.174511
956,15.933333,264.852325,407.158020,-2.925816,22.206925
957,15.950000,266.245209,413.802002,-2.895015,22.237726
958,15.966667,268.220764,420.220764,-2.864549,22.268192
959,15.983333,270.255096,426.759033,-2.833445,22.299297
960,16.000000,272.145721,433.158081,-2.803166,22.329576
961,16.016667,274.756256,439.829376,-2.770649,22.362092
962,16.033333,277.132141,446.222015,-2.739709,22.393032
963,16.050000,279.802002,452.179108,-2.710091,22.422650
964,16.066667,282.799377,458.184662,-2.679633,22.453109
965,16.083333,286.291077,464.216339,-2.648005,22.484736
966,16.100000,289.100159,470.202515,-2.618047,22.514694
967,16.116667,292.787598,475.862610,-2.587404,22.545337
968,16.133333,296.257507,481.164612,-2.558619,22.574122
969,16.150000,299.831909,486.804474,-2.528313,22.604428
970,16.166667,303.803894,491.822784,-2.499271,22.633471
971,16.183333,307.811798,497.158966,-2.468950,22.663791
972,16.200000,311.871002,502.084534,-2.439955,22.692787
973,16.216667,316.227783,506.720398,-2.411058,22.721683
974,16.233333,320.797363,511.817871,-2.379934,22.752808
975,16.250000,325.130035,516.199829,-2.351919,22.780822
976,16.266667,329.924774,520.744446,-2.321882,22.810859
977,16.283333,334.216339,524.708923,-2.295317,22.837424
978,16.300000,339.153809,528.775757,-2.266233,22.866509
979,16.316667,343.883026,532.807251,-2.237980,22.894761
980,16.333333,348.790131,536.242859,-2.210757,22.921984
981,16.350000,353.692444,539.750610,-2.183320,22.949421
982,16.366667,358.828156,543.168091,-2.155237,22.977504
983,16.383333,363.871155,546.756226,-2.127106,23.005635
984,16.400000,368.839996,549.850464,-2.100496,23.032245
985,16.416667,374.265533,552.725952,-2.072584,23.060157
986,16.433333,379.275024,555.285461,-2.046991,23.085751
987,16.450000,384.289490,557.820129,-2.021421,23.111320
988,16.466667,389.890045,560.112793,-1.993896,23.138845
989,16.483333,394.766998,562.767029,-1.968721,23.164020
990,16.500000,400.261169,564.691528,-1.942267,23.190474
991,16.516667,405.174347,566.802185,-1.917964,23.214777
992,16.533333,410.785553,568.243774,-1.891682,23.241060
993,16.550000,415.843201,570.165405,-1.867079,23.265662
994,16.566667,421.269318,571.775330,-1.841323,23.291418
995,16.583333,426.183929,573.154480,-1.818103,23.314639
996,16.600000,431.833160,574.198181,-1.791987,23.340754
997,16.616667,436.823120,575.162720,-1.768837,23.363904
998,16.633333,441.833160,576.198181,-1.745532,23.387209
999,16.650000,447.159271,577.172485,-1.720879,23.411862
1000,16.666667,452.204590,577.871277,-1.697688,23.435053
1001,16.683333,457.182983,578.187744,-1.674993,23.457748
1002,16.700000,462.268311,578.723511,-1.651688,23.481053
1003,16.716667,467.219604,579.208191,-1.629033,23.503708
1004,16.733333,472.190216,579.192078,-1.606411,23.526330
1005,16.750000,476.825897,579.162720,-1.585278,23.547463
1006,16.766667,481.689789,579.238892,-1.563089,23.569652
1007,16.783333,486.195526,579.168091,-1.542535,23.590206
1008,16.800000,491.158966,579.188171,-1.519930,23.612811
1009,16.816667,495.911652,578.790588,-1.498199,23.634543
1010,16.833333,500.196869,578.774048,-1.478739,23.654002
1011,16.850000,504.669525,578.245178,-1.458238,23.674503
1012,16.866667,509.142395,577.175293,-1.437405,23.695336
1013,16.883333,513.911682,576.790588,-1.415628,23.717113
1014,16.900000,517.870483,576.192444,-1.397385,23.735356
1015,16.916667,522.278259,575.212158,-1.376817,23.755924
1016,16.933333,526.361328,574.210754,-1.357655,23.775086
1017,16.950000,530.178772,573.890991,-1.340364,23.792378
1018,16.966667,534.292175,572.779053,-1.320969,23.811772
1019,16.983333,538.234802,571.187622,-1.301734,23.831007
1020,17.000000,542.262207,570.201782,-1.282827,23.849914
1021,17.016667,546.240906,569.211609,-1.264161,23.868580
1022,17.033333,549.833191,567.805969,-1.246603,23.886138
1023,17.050000,553.881348,566.783142,-1.227643,23.905098
1024,17.066667,557.240356,565.240356,-1.210851,23.921891
1025,17.083333,560.726562,563.803711,-1.193657,23.939084
1026,17.100000,564.209839,562.757141,-1.177150,23.955591
1027,17.116667,567.846619,561.153381,-1.159045,23.973696
1028,17.133333,570.785706,559.780090,-1.144266,23.988475
1029,17.150000,574.288330,558.237976,-1.126832,24.005909
1030,17.166667,577.764709,556.190186,-1.108497,24.024244
1031,17.183333,580.790161,554.800476,-1.093324,24.039417
1032,17.200000,583.825378,553.166199,-1.077607,24.055135
1033,17.216667,586.910645,551.864990,-1.062428,24.070313
1034,17.233333,589.803894,549.800110,-1.046318,24.086423
1035,17.250000,592.755249,548.217407,-1.031062,24.101680
1036,17.266667,595.803101,546.222229,-1.014462,24.118279
1037,17.283333,598.290527,544.748718,-1.001286,24.131455
1038,17.300000,601.164307,542.767944,-0.985378,24.147364
1039,17.316667,603.843567,540.773682,-0.970157,24.162584
1040,17.333333,606.756226,539.167114,-0.955071,24.177670
1041,17.350000,609.262695,537.231323,-0.940646,24.192095
1042,17.366667,611.835693,535.164307,-0.925608,24.207134
1043,17.383333,614.172363,533.089539,-0.911385,24.221356
1044,17.400000,616.750183,531.048950,-0.896373,24.236369
1045,17.416667,619.217712,529.810730,-0.884074,24.248667
1046,17.433333,621.844788,527.813721,-0.869066,24.263676
1047,17.450000,623.844788,525.813721,-0.856225,24.276516
1048,17.466667,626.215393,523.759094,-0.841935,24.290806
1049,17.483333,628.173645,521.119568,-0.827230,24.305511
1050,17.500000,630.644348,519.094666,-0.812673,24.320068
1051,17.516667,632.637939,517.070862,-0.799710,24.333031
1052,17.533333,634.665405,515.093811,-0.786781,24.345960
1053,17.550000,636.665405,513.093811,-0.773868,24.358873
1054,17.566667,639.202698,511.193268,-0.759600,24.373141
1055,17.583333,641.159241,508.730621,-0.745313,24.387428
1056,17.600000,643.159241,506.730621,-0.732433,24.400308
1057,17.616667,644.809570,504.296509,-0.719133,24.413608
1058,17.633333,646.809570,502.296509,-0.706261,24.426481
1059,17.650000,648.658752,500.222870,-0.693596,24.439145
1060,17.666667,650.668884,497.822052,-0.679322,24.453419
1061,17.683333,652.317139,495.132904,-0.665039,24.467702
1062,17.700000,654.317139,493.132904,-0.652237,24.480505
1063,17.716667,656.372070,490.811554,-0.638155,24.494587
1064,17.733333,657.884399,488.188202,-0.624435,24.508306
1065,17.750000,659.164307,485.835693,-0.612300,24.520441
1066,17.766667,661.164307,483.835693,-0.599603,24.533138
1067,17.783333,662.799622,481.125946,-0.585193,24.547548
1068,17.800000,664.292969,478.776093,-0.572496,24.560245
1069,17.816667,666.261719,476.209717,-0.557812,24.574929
1070,17.833333,667.829102,473.842285,-0.544889,24.587852
1071,17.850000,669.159973,470.844757,-0.530050,24.602691
1072,17.866667,670.634338,468.255615,-0.516460,24.616281
1073,17.883333,672.210327,465.851807,-0.503387,24.629354
1074,17.900000,673.795227,462.800873,-0.487719,24.645023
1075,17.916667,675.093689,460.218933,-0.474545,24.658197
1076,17.933333,676.736877,457.214050,-0.458942,24.673799
1077,17.950000,677.809814,454.842102,-0.447082,24.685659
1078,17.966667,679.142395,451.824738,-0.432047,24.700694
1079,17.983333,680.711670,448.762054,-0.416379,24.716362
1080,18.000000,681.860535,445.826569,-0.402021,24.730720
1081,18.016667,683.210510,442.780945,-0.386840,24.745901
1082,18.033333,684.173157,439.843933,-0.372776,24.759966
1083,18.050000,685.812195,436.806519,-0.357181,24.775561
1084,18.066667,686.853882,433.900391,-0.343127,24.789614
1085,18.083333,687.841553,430.146118,-0.325494,24.807247
1086,18.100000,688.791626,427.176270,-0.311279,24.821462
1087,18.116667,689.756836,423.783478,-0.295198,24.837543
1088,18.133333,690.786621,420.778107,-0.280725,24.852016
1089,18.150000,691.848206,417.147095,-0.263483,24.869258
1090,18.166667,692.846130,413.833801,-0.247728,24.885013
1091,18.183333,693.834717,410.217926,-0.230665,24.902077
1092,18.200000,694.233887,406.745361,-0.214831,24.917911
1093,18.216667,695.221802,402.840179,-0.196483,24.936258
1094,18.233333,695.830383,399.145508,-0.179421,24.953320
1095,18.250000,696.707947,395.834442,-0.163875,24.968866
1096,18.266667,697.231750,391.783478,-0.145281,24.987461
1097,18.283333,697.690125,387.738281,-0.126738,25.006003
1098,18.300000,698.280396,384.225189,-0.110530,25.022212
1099,18.316667,698.785950,380.266907,-0.092370,25.040371
1100,18.333333,698.785950,376.266907,-0.074214,25.058527
1101,18.350000,699.162720,372.174103,-0.055491,25.077250
1102,18.366667,699.197815,367.817383,-0.035648,25.097093
1103,18.383333,699.245056,363.779694,-0.017238,25.115503
1104,18.400000,699.245056,359.779694,0.001005,25.133746
1105,18.416667,699.186279,355.174042,0.022014,25.154755
1106,18.433333,699.145447,350.830475,0.041818,25.174559
1107,18.450000,699.145447,346.830475,0.060023,25.192764
1108,18.466667,698.763794,342.324188,0.080623,25.213365
1109,18.483333,698.314575,337.845581,0.101133,25.233874
1110,18.500000,697.810974,333.167755,0.122573,25.255314
1111,18.516667,697.165710,328.816833,0.142617,25.275358
1112,18.533333,696.646973,324.234192,0.163612,25.296353
1113,18.550000,695.835693,319.164307,0.186988,25.319729
1114,18.566667,694.678101,314.791931,0.207553,25.340294
1115,18.583333,693.820801,310.235199,0.228670,25.361411
1116,18.600000,692.834290,305.143005,0.252255,25.384996
1117,18.616667,691.154236,300.801453,0.273340,25.406081
1118,18.633333,690.195740,295.782593,0.296506,25.429248
1119,18.650000,688.845459,290.730682,0.320259,25.453001
1120,18.666667,686.732178,286.226410,0.342769,25.475511
1121,18.683333,685.127625,281.155853,0.366957,25.499698
1122,18.700000,683.187256,276.227783,0.391057,25.523798
1123,18.716667,681.173157,271.792725,0.413220,25.545961
1124,18.733333,678.639343,266.716248,0.439044,25.571786
1125,18.750000,676.788940,261.807892,0.462825,25.595566
1126,18.766667,674.345459,257.163635,0.486689,25.619430
1127,18.783333,671.768982,252.232925,0.511981,25.644723
1128,18.800000,668.767578,247.180389,0.538700,25.671441
1129,18.816667,665.786255,242.885193,0.562454,25.695196
1130,18.833333,662.833008,237.930344,0.588688,25.721429
1131,18.850000,659.822876,233.185608,0.614220,25.746961
1132,18.866667,656.177490,228.784882,0.640158,25.772899
1133,18.883333,652.717834,224.238541,0.666165,25.798906
1134,18.900000,649.115601,219.167450,0.694399,25.827140
1135,18.916667,645.184753,214.802017,0.721093,25.853834
1136,18.933333,641.184753,210.802017,0.746798,25.879539
1137,18.950000,637.174438,206.152573,0.774702,25.907443
1138,18.966667,633.220825,201.774399,0.801466,25.934207
1139,18.983333,628.777771,197.803131,0.828523,25.961264
1140,19.000000,624.292053,193.834442,0.855738,25.988479
1141,19.016667,619.220825,189.774399,0.885259,26.018000
1142,19.033333,614.826538,185.832230,0.912037,26.044778
1143,19.050000,609.838562,182.190796,0.940080,26.072821
1144,19.066667,604.285339,178.252213,0.971003,26.103744
1145,19.083333,599.170593,174.806732,0.999009,26.131750
1146,19.100000,593.755859,171.283997,1.028329,26.161070
1147,19.116667,588.250854,168.186661,1.056999,26.189740
1148,19.133333,582.777649,165.182373,1.085346,26.218087
1149,19.150000,576.710144,162.215668,1.116013,26.248755
1150,19.166667,570.684753,159.157623,1.146677,26.279419
1151,19.183333,564.747742,156.805420,1.175656,26.308397
1152,19.200000,558.741577,154.230087,1.205320,26.338061
1153,19.216667,552.831726,151.856461,1.234201,26.366942
1154,19.233333,546.191956,149.829727,1.265686,26.398427
1155,19.250000,539.768677,147.737320,1.296324,26.429065
1156,19.266667,533.198364,146.218231,1.326906,26.459647
1157,19.283333,526.758606,144.790833,1.356851,26.489592
1158,19.300000,520.197021,143.177841,1.387486,26.520227
1159,19.316667,513.827515,142.161163,1.416740,26.549481
1160,19.333333,506.801056,141.192947,1.448916,26.581657
1161,19.350000,499.827515,140.161163,1.480849,26.613590
1162,19.366667,493.166199,139.883942,1.511053,26.643794
1163,19.383333,486.197327,139.894638,1.542648,26.675389
1164,19.400000,479.183228,139.838531,1.574506,26.707247
1165,19.416667,472.714050,139.793579,1.603871,26.736612
1166,19.433333,465.789734,139.761414,1.635229,26.767970
1167,19.450000,458.658752,140.222855,1.667597,26.800338
1168,19.466667,451.837585,141.191422,1.698801,26.831542
1169,19.483333,444.658752,142.222855,1.731676,26.864417
1170,19.500000,438.263092,143.245850,1.761022,26.893763
1171,19.516667,431.141663,144.705185,1.793954,26.926695
1172,19.533333,424.661621,146.222015,1.824095,26.956837
1173,19.550000,417.893219,148.188309,1.856019,26.988760
1174,19.566667,411.201965,150.235199,1.887718,27.020460
1175,19.583333,404.743927,152.771362,1.919142,27.051883
1176,19.600000,398.240875,155.142670,1.950529,27.083270
1177,19.616667,391.835693,157.835678,1.982033,27.114774
1178,19.633333,385.142181,160.829193,2.015275,27.148016
1179,19.650000,379.240845,163.767670,2.045161,27.177902
1180,19.666667,372.774109,167.151550,2.078243,27.210984
1181,19.683333,366.695465,170.235199,2.109065,27.241806
1182,19.700000,361.162720,174.174088,2.139761,27.272502
1183,19.716667,355.198364,177.801620,2.171368,27.304109
1184,19.733333,349.811798,181.841034,2.201858,27.334599
1185,19.750000,344.335236,186.263672,2.233761,27.366502
1186,19.766667,338.821167,190.265289,2.264606,27.397348
1187,19.783333,333.872131,194.841599,2.295135,27.427877
1188,19.800000,328.736267,199.190338,2.325615,27.458357
1189,19.816667,323.875946,204.177002,2.357160,27.489901
1190,19.833333,318.795410,209.129059,2.389295,27.522036
1191,19.850000,314.262146,214.241455,2.420247,27.552988
1192,19.866667,310.268890,219.132385,2.448857,27.581598
1193,19.883333,305.912384,224.227936,2.479224,27.611966
1194,19.900000,301.841034,229.811813,2.510531,27.643272
1195,19.916667,297.828461,235.135666,2.540718,27.673459
1196,19.933333,294.214050,240.733078,2.570891,27.703632
1197,19.950000,290.723602,246.289688,2.600612,27.733353
1198,19.966667,287.816772,252.223907,2.630497,27.763238
1199,19.983333,284.183899,257.913788,2.661021,27.793763
1200,20.000000,281.818329,263.837280,2.689835,27.822576
1201,20.016667,278.795410,269.178162,2.717583,27.850324
1202,20.033333,276.138367,275.151703,2.747195,27.879936
1203,20.050000,273.801392,281.236572,2.776718,27.909459
1204,20.066667,271.756836,287.216522,2.805353,27.938094
1205,20.083333,269.756836,293.216522,2.834024,27.966765
1206,20.100000,267.770966,299.268738,2.862882,27.995623
1207,20.116667,266.070465,305.124756,2.890496,28.023237
1208,20.133333,264.784210,311.153229,2.918407,28.051149
1209,20.150000,263.828766,317.213623,2.946190,28.078931
1210,20.166667,262.760040,323.147827,2.973554,28.106295
1211,20.183333,261.781891,329.251251,3.001606,28.134347
1212,20.200000,260.802582,335.171875,3.028805,28.161546
1213,20.216667,260.217804,340.780304,3.054366,28.187107
1214,20.233333,259.900177,346.881165,3.082059,28.214800
1215,20.250000,259.900177,352.881165,3.109260,28.242001
1216,20.266667,259.769012,358.152405,3.133203,28.265945
1217,20.283333,259.791779,364.179779,-3.122614,28.293313
1218,20.300000,259.764893,369.735413,-3.097417,28.318510
1219,20.316667,260.174652,375.857330,-3.069581,28.346345
1220,20.333333,260.635010,381.187714,-3.045305,28.370622
1221,20.350000,261.187653,386.822449,-3.019619,28.396307
1222,20.366667,261.767120,392.148621,-2.995331,28.420595
1223,20.383333,262.683380,397.185120,-2.972124,28.443803
1224,20.400000,263.839172,402.822113,-2.946022,28.469905
1225,20.416667,264.767578,407.819611,-2.922967,28.492959
1226,20.433333,266.192688,412.743927,-2.899733,28.516194
1227,20.450000,267.115204,418.147736,-2.874955,28.540972
1228,20.466667,268.814056,422.751953,-2.852761,28.563165
1229,20.483333,270.225128,427.807617,-2.828953,28.586973
1230,20.500000,272.237183,432.724152,-2.804887,28.611039
1231,20.516667,273.824738,437.142395,-2.783559,28.632367
1232,20.533333,275.824615,441.774292,-2.760647,28.655280
1233,20.550000,277.141327,446.177216,-2.739880,28.676047
1234,20.566667,279.109436,450.806366,-2.717061,28.698866
1235,20.583333,281.187958,455.173767,-2.695120,28.720807
1236,20.600000,283.182617,459.197784,-2.674743,28.741184
1237,20.616667,285.786377,463.171234,-2.653278,28.762649
1238,20.633333,287.786377,467.171234,-2.632961,28.782965
1239,20.650000,290.197418,471.171875,-2.611737,28.804190
1240,20.666667,292.223053,475.188202,-2.591356,28.824571
1241,20.683333,294.788147,479.183319,-2.569802,28.846124
1242,20.700000,297.150482,482.795776,-2.550205,28.865722
1243,20.716667,299.846405,486.206482,-2.530498,28.885428
1244,20.733333,302.213898,489.860046,-2.510735,28.905191
1245,20.750000,304.731689,493.163696,-2.491868,28.924059
1246,20.766667,307.131439,496.186401,-2.474333,28.941593
1247,20.783333,309.822235,499.799744,-2.453883,28.962043
1248,20.800000,312.768005,502.768005,-2.434947,28.980979
1249,20.816667,315.164307,505.835693,-2.417276,28.998650
1250,20.833333,317.921570,508.693665,-2.399237,29.016689
1251,20.850000,320.841522,511.790253,-2.379886,29.036041
1252,20.866667,323.181702,514.168213,-2.364716,29.051211
1253,20.883333,325.853394,517.190186,-2.346419,29.069508
1254,20.900000,328.857819,519.840637,-2.328231,29.087696
1255,20.916667,331.188293,522.210510,-2.313141,29.102785
1256,20.933333,334.186646,524.749146,-2.295297,29.120629
1257,20.950000,336.780182,527.174866,-2.279171,29.136755
1258,20.966667,339.829712,529.208191,-2.262610,29.153317
1259,20.983333,342.813446,531.837769,-2.244530,29.171397
1260,21.000000,345.140533,533.841614,-2.230581,29.185345
1261,21.016667,348.237610,535.866638,-2.213797,29.202130
1262,21.033333,350.829987,537.881165,-2.198864,29.217063
1263,21.050000,353.738678,539.738708,-2.183179,29.232747
1264,21.066667,356.274567,541.841064,-2.168249,29.247677
1265,21.083333,359.157715,543.829102,-2.152330,29.263597
1266,21.100000,362.253235,545.829407,-2.135576,29.280350
1267,21.116667,364.756866,547.160522,-2.122713,29.293214
1268,21.133333,367.879700,548.778076,-2.106738,29.309188
1269,21.150000,370.252747,550.769897,-2.092846,29.323081
1270,21.166667,373.072388,552.350037,-2.078159,29.337768
1271,21.183333,375.843506,553.812500,-2.063921,29.352006
1272,21.200000,378.764191,555.209473,-2.049214,29.366713
1273,21.216667,381.911377,556.180359,-2.034438,29.381489
1274,21.233333,384.175995,557.871399,-2.021784,29.394142
1275,21.250000,387.194214,559.156433,-2.006871,29.409055
1276,21.266667,389.829407,560.182800,-1.994017,29.421909
1277,21.283333,392.809784,561.851501,-1.978541,29.437386
1278,21.300000,395.173096,562.805237,-1.966951,29.448976
1279,21.316667,398.153900,563.850830,-1.952595,29.463331
1280,21.333333,401.169952,565.166199,-1.937630,29.478296
1281,21.350000,403.882324,566.247070,-1.924350,29.491577
1282,21.366667,406.802582,567.171875,-1.910423,29.505503
1283,21.383333,409.175049,568.211060,-1.898678,29.517249
1284,21.400000,412.227692,568.816772,-1.884625,29.531302
1285,21.416667,415.128601,569.886597,-1.870561,29.545366
1286,21.433333,417.823730,570.836975,-1.857570,29.558357
1287,21.450000,420.864136,571.067932,-1.843967,29.571960
1288,21.466667,423.237152,572.217285,-1.832153,29.583773
1289,21.483333,426.210663,572.816772,-1.818361,29.597565
1290,21.500000,429.168396,573.841064,-1.804172,29.611754
1291,21.516667,432.296204,574.186646,-1.789940,29.625986
1292,21.533333,434.768005,574.768005,-1.778371,29.637555
1293,21.550000,437.850464,575.855164,-1.763637,29.652289
1294,21.566667,440.757141,576.209839,-1.750345,29.665581
1295,21.583333,443.845154,576.802612,-1.736040,29.679887
1296,21.600000,446.820221,577.164612,-1.722410,29.693516
1297,21.616667,449.856384,577.121033,-1.708748,29.707179
1298,21.633333,452.732941,577.757996,-1.695365,29.720561
1299,21.650000,455.207977,578.254150,-1.683904,29.732023
1300,21.666667,458.636230,578.211853,-1.668389,29.747537
1301,21.683333,461.833160,578.801819,-1.653635,29.762291
1302,21.700000,464.768005,578.768005,-1.640310,29.775616
1303,21.716667,467.750153,579.215576,-1.626619,29.789308
1304,21.733333,470.684753,579.157654,-1.613276,29.802651
1305,21.750000,473.750153,579.215576,-1.599299,29.816628
1306,21.766667,477.181000,579.179077,-1.583657,29.832269
1307,21.783333,480.163177,579.128113,-1.570052,29.845875
1308,21.800000,483.135651,579.180969,-1.556491,29.859435
1309,21.816667,486.781250,579.160217,-1.539864,29.876062
1310,21.833333,489.729645,579.238892,-1.526446,29.889480
1311,21.850000,493.219604,579.208191,-1.510563,29.905363
1312,21.866667,496.646973,578.765808,-1.494848,29.921079
1313,21.883333,499.843872,578.805237,-1.480352,29.935575
1314,21.900000,503.150757,578.168091,-1.465078,29.950849
1315,21.916667,506.799255,577.841248,-1.448389,29.967537
1316,21.933333,510.201569,577.144714,-1.432598,29.983329
1317,21.950000,513.843262,576.804504,-1.415946,29.999981
1318,21.966667,517.215942,576.238586,-1.400360,30.015566
1319,21.983333,520.804199,575.891663,-1.383997,30.031930
1320,22.000000,524.257935,574.750549,-1.367552,30.048375
1321,22.016667,527.871216,574.167480,-1.350889,30.065038
1322,22.033333,531.174988,573.155212,-1.335173,30.080754
1323,22.050000,535.144958,572.229492,-1.316581,30.099345
1324,22.066667,538.769043,571.138062,-1.299324,30.116603
1325,22.083333,542.190857,570.202148,-1.283140,30.132786
1326,22.100000,546.219421,569.132080,-1.264145,30.151782
1327,22.116667,549.835693,567.835693,-1.246635,30.169291
1328,22.133333,553.804871,566.810486,-1.228013,30.187914
1329,22.150000,557.186279,565.155212,-1.210945,30.204982
1330,22.166667,561.172546,563.849304,-1.191844,30.224083
1331,22.183333,565.174683,562.188904,-1.172095,30.243831
1332,22.200000,568.756226,560.257935,-1.153604,30.262323
1333,22.216667,572.796753,558.750549,-1.133977,30.281949
1334,22.233333,576.796753,556.750549,-1.113588,30.302339
1335,22.250000,580.776855,554.749634,-1.093272,30.322655
1336,22.266667,584.771606,552.773499,-1.072960,30.342966
1337,22.283333,588.265930,550.762329,-1.054584,30.361343
1338,22.300000,592.247070,548.233887,-1.033089,30.382837
1339,22.316667,596.202148,545.816589,-1.011939,30.403988
1340,22.333333,600.197388,543.171875,-0.990075,30.425852
1341,22.350000,603.867676,540.811218,-0.970163,30.445763
1342,22.366667,607.831299,538.208374,-0.948545,30.467382
1343,22.383333,611.835693,535.164307,-0.925608,30.490319
1344,22.400000,615.805725,532.181763,-0.902962,30.512964
1345,22.416667,619.158997,529.188171,-0.882480,30.533447
1346,22.433333,623.124329,526.253723,-0.860020,30.555906
1347,22.450000,626.783813,522.776306,-0.837014,30.578912
1348,22.466667,630.734558,519.121216,-0.812458,30.603469
1349,22.483333,634.223083,515.802368,-0.790492,30.625434
1350,22.500000,637.895874,512.226624,-0.767120,30.648807
1351,22.516667,641.895874,508.226654,-0.741350,30.674577
1352,22.533333,645.199890,504.177216,-0.717551,30.698376
1353,22.550000,648.733643,500.239624,-0.693437,30.722490
1354,22.566667,651.917847,496.216736,-0.670050,30.745876
1355,22.583333,655.158386,491.859467,-0.645292,30.770635
1356,22.600000,658.690002,487.197845,-0.618625,30.797302
1357,22.616667,661.835693,482.781128,-0.593908,30.822018
1358,22.633333,664.751038,478.241425,-0.569316,30.846610
1359,22.650000,667.855164,473.149536,-0.542126,30.873801
1360,22.666667,670.658752,468.222870,-0.516275,30.899652
1361,22.683333,673.197388,463.217285,-0.490677,30.925249
1362,22.700000,676.224304,458.218628,-0.464082,30.951845
1363,22.716667,678.814026,452.810272,-0.436753,30.979174
1364,22.733333,681.210266,447.850159,-0.411662,31.004264
1365,22.750000,683.226196,442.281189,-0.384702,31.031225
1366,22.766667,685.872620,436.197723,-0.354486,31.061440
1367,22.783333,687.904785,430.790283,-0.328181,31.087745
1368,22.800000,689.881348,424.783142,-0.299388,31.116539
1369,22.816667,691.177124,419.174347,-0.273205,31.142721
1370,22.833333,692.832520,413.143890,-0.244695,31.171232
1371,22.850000,694.179993,407.100952,-0.216467,31.199459
1372,22.866667,695.833496,400.824005,-0.186937,31.228989
1373,22.883333,696.790161,394.757141,-0.158973,31.256953
1374,22.900000,697.887695,388.145050,-0.128461,31.287466
1375,22.916667,698.233887,382.239532,-0.101556,31.314370
1376,22.933333,698.800598,375.855713,-0.072340,31.343586
1377,22.950000,699.159546,369.175659,-0.041843,31.374083
1378,22.966667,699.161438,362.809204,-0.012817,31.403109
1379,22.983333,699.162292,356.306763,0.016850,31.432777
1380,23.000000,699.235168,349.832550,0.046344,31.462270
1381,23.016667,698.757141,342.790131,0.078509,31.494436
1382,23.033333,698.280273,336.238556,0.108431,31.524357
1383,23.050000,697.190552,329.850281,0.137935,31.553862
1384,23.066667,696.178101,323.116180,0.168990,31.584917
1385,23.083333,695.156128,316.194794,0.200852,31.616779
1386,23.100000,693.803345,309.830658,0.230482,31.646409
1387,23.116667,692.220398,303.189056,0.261565,31.677491
1388,23.133333,690.322266,296.803528,0.291892,31.707819
1389,23.150000,688.233887,290.247101,0.323226,31.739153
1390,23.166667,686.168091,283.868805,0.353736,31.769662
1391,23.183333,683.782104,277.171112,0.386061,31.801988
1392,23.200000,680.747253,271.151154,0.416675,31.832602
1393,23.216667,678.277954,264.766693,0.447765,31.863692
1394,23.233333,674.733093,258.793518,0.479298,31.895225
1395,23.250000,671.798706,252.822113,0.509577,31.925504
1396,23.266667,668.200623,246.792801,0.541539,31.957466
1397,23.283333,664.757141,240.790131,0.573011,31.988937
1398,23.300000,660.757141,234.790131,0.605808,32.021734
1399,23.316667,656.771179,229.092300,0.637425,32.053351
1400,23.333333,652.770813,223.815201,0.667529,32.083455
1401,23.350000,648.295959,218.301041,0.699810,32.115736
1402,23.366667,643.860535,212.819016,0.731825,32.147751
1403,23.383333,638.697571,207.836990,0.764380,32.180307
1404,23.400000,633.804077,202.836334,0.796201,32.212128
1405,23.416667,628.706726,198.214172,0.827497,32.243424
1406,23.433333,623.798035,193.216995,0.859270,32.275196
1407,23.450000,618.300720,188.713562,0.891545,32.307472
1408,23.466667,612.679626,184.818665,0.922586,32.338512
1409,23.483333,607.132996,180.223892,0.955272,32.371198
1410,23.500000,601.899780,176.791031,0.983699,32.399626
1411,23.516667,595.899780,172.791031,1.016456,32.432382
1412,23.533333,589.822876,169.185608,1.048550,32.464477
1413,23.550000,583.817139,165.817123,1.079825,32.495752
1414,23.566667,577.903809,162.815231,1.109946,32.525873
1415,23.583333,571.817139,159.817123,1.140759,32.556685
1416,23.600000,565.215637,156.750076,1.173793,32.589720
1417,23.616667,559.189819,154.183228,1.203498,32.619424
1418,23.633333,552.801086,152.221588,1.233784,32.649711
1419,23.650000,546.175598,149.826340,1.265761,32.681688
1420,23.666667,539.843201,147.878952,1.295825,32.711751
1421,23.683333,533.216736,146.176941,1.326870,32.742797
1422,23.700000,526.774048,144.803131,1.356771,32.772697
1423,23.716667,520.199707,143.193680,1.387461,32.803387
1424,23.733333,513.870483,142.186417,1.416530,32.832456
1425,23.750000,507.160248,141.189041,1.447301,32.863228
1426,23.766667,500.784882,140.781128,1.476266,32.892192
1427,23.783333,494.275085,139.843628,1.506046,32.921973
1428,23.800000,487.841034,139.811813,1.535201,32.951127
1429,23.816667,481.158966,139.811813,1.565533,32.981459
1430,23.833333,474.800690,139.797852,1.594403,33.010330
1431,23.850000,468.275085,139.843628,1.624003,33.039930
1432,23.866667,461.859070,140.188629,1.653139,33.069066
1433,23.883333,455.837280,140.733017,1.680551,33.096478
1434,23.900000,449.164307,141.835678,1.711208,33.127134
1435,23.916667,443.113647,142.222855,1.738581,33.154507
1436,23.933333,437.164307,143.846970,1.766435,33.182361
1437,23.950000,431.130280,144.691772,1.793990,33.209917
1438,23.966667,425.113647,146.222855,1.822114,33.238040
1439,23.983333,419.171509,147.870743,1.850055,33.265982
